OrderID,OrderDate,ShipDate,Customer,Region,Category,Product,Quantity,UnitPrice,Discount(%),Sales,Profit
1001,2025-04-25,2025-04-27,Sneha,Mumbai,Office Supplies,Notebook,1,120,5,120,29.18
1002,2025-04-30,2025-05-05,Rahul,Bengaluru,Office Supplies,Marker,1,60,5,60,5.19
1003,2025-05-23,2025-05-30,Rahul,Delhi,Office Supplies,Stapler,7,250,20,1750,224.87
1004,2025-06-22,2025-06-23,Amit,Kolkata,Office Supplies,Marker,6,60,5,360,50.81
1005,2025-08-24,2025-08-29,Sneha,Kolkata,Electronics,Monitor,6,12000,0,72000,15323.02
1006,2025-07-05,2025-07-10,Karan,Mumbai,Electronics,Mouse,5,900,20,4500,1181.11
1007,2025-04-30,2025-05-07,Sneha,Kolkata,Electronics,Printer,4,18000,0,72000,18005.4
1008,2025-04-18,2025-04-24,Vikram,Mumbai,Furniture,Cabinet,6,15000,10,90000,10420.55
1009,2025-08-25,2025-08-29,Vikram,Bengaluru,Office Supplies,Pen,9,30,5,270,64.91
1010,2025-06-11,2025-06-15,Vikram,Mumbai,Office Supplies,Paper,1,450,0,450,58.68
1011,2025-07-22,2025-07-28,Nikhil,Delhi,Electronics,Mouse,6,900,15,5400,684.6
1012,2025-05-15,2025-05-21,Kavya,Kolkata,Furniture,Desk,4,12000,20,48000,11707.08
1013,2025-01-25,2025-02-01,Sneha,Delhi,Furniture,Desk,3,12000,0,36000,6915.45
1014,2025-07-15,2025-07-20,Nikhil,Hyderabad,Office Supplies,Pen,7,30,15,210,44.35
1015,2025-05-17,2025-05-24,Arjun,Mumbai,Office Supplies,Notebook,2,120,20,240,55.19
1016,2025-09-14,2025-09-21,Neha,Mumbai,Furniture,Cabinet,3,15000,10,45000,8091.86
1017,2025-07-11,2025-07-18,Neha,Pune,Office Supplies,Paper,9,450,5,4050,866.59
1018,2025-06-07,2025-06-09,Priya,Bengaluru,Office Supplies,Paper,8,450,10,3600,303.43
1019,2025-09-30,2025-10-07,Rohan,Delhi,Office Supplies,Notebook,2,120,0,240,57.84
1020,2025-11-07,2025-11-11,Karan,Bengaluru,Office Supplies,Marker,9,60,20,540,62.82
1021,2025-08-13,2025-08-18,Nikhil,Mumbai,Office Supplies,Paper,7,450,10,3150,941.64
1022,2025-10-11,2025-10-13,Anjali,Pune,Electronics,Smartphone,2,25000,20,50000,7718.94
1023,2025-06-19,2025-06-20,Anjali,Hyderabad,Electronics,Printer,1,18000,0,18000,2346.61
1024,2025-10-23,2025-10-27,Anjali,Ahmedabad,Office Supplies,Marker,4,60,20,240,47.67
1025,2025-07-01,2025-07-05,Kavya,Ahmedabad,Furniture,Desk,2,12000,15,24000,2431.79
1026,2025-02-25,2025-02-27,Karan,Bengaluru,Office Supplies,Notebook,2,120,10,240,22.4
1027,2025-08-25,2025-08-27,Amit,Ahmedabad,Office Supplies,Marker,3,60,10,180,31.11
1028,2025-01-08,2025-01-09,Anjali,Delhi,Office Supplies,Notebook,1,120,20,120,26.82
1029,2025-01-31,2025-02-02,Sahil,Pune,Furniture,Cabinet,8,15000,15,120000,15242.93
1030,2025-12-05,2025-12-11,Aisha,Delhi,Furniture,Bookshelf,8,9000,20,72000,10278.35
1031,2025-10-05,2025-10-06,Arjun,Pune,Electronics,Monitor,4,12000,20,48000,14069.57
1032,2025-03-22,2025-03-23,Amit,Delhi,Electronics,Mouse,8,900,20,7200,1372.52
1033,2025-07-26,2025-07-27,Anjali,Pune,Electronics,Mouse,2,900,5,1800,411.38
1034,2025-09-25,2025-09-28,Vikram,Bengaluru,Office Supplies,Notebook,7,120,20,840,188.68
1035,2025-12-10,2025-12-16,Pooja,Ahmedabad,Office Supplies,Paper,4,450,5,1800,249.18
1036,2025-02-21,2025-02-22,Karan,Hyderabad,Furniture,Office Chair,1,7000,20,7000,1265.76
1037,2025-05-26,2025-05-28,Nikhil,Hyderabad,Electronics,Monitor,2,12000,10,24000,6562.55
1038,2025-06-03,2025-06-09,Sneha,Delhi,Office Supplies,Stapler,1,250,20,250,56.73
1039,2025-05-20,2025-05-23,Karan,Chennai,Furniture,Office Chair,2,7000,5,14000,3406.64
1040,2025-01-27,2025-01-28,Kavya,Hyderabad,Electronics,Printer,5,18000,10,90000,17207.1
1041,2025-03-24,2025-03-30,Nikhil,Kolkata,Electronics,Laptop,6,55000,10,330000,82383.26
1042,2025-10-07,2025-10-08,Meera,Delhi,Office Supplies,Notebook,2,120,5,240,23.17
1043,2025-07-03,2025-07-05,Anjali,Mumbai,Furniture,Desk,1,12000,0,12000,1773.8
1044,2025-03-25,2025-04-01,Neha,Kolkata,Furniture,Cabinet,10,15000,5,150000,36732.76
1045,2025-12-09,2025-12-16,Anjali,Hyderabad,Electronics,Smartphone,6,25000,15,150000,37818.75
1046,2025-08-29,2025-08-31,Karan,Ahmedabad,Electronics,Printer,2,18000,0,36000,5909.73
1047,2025-07-24,2025-07-27,Vikram,Mumbai,Furniture,Bookshelf,4,9000,5,36000,4645.55
1048,2025-06-19,2025-06-20,Sneha,Hyderabad,Furniture,Bookshelf,9,9000,20,81000,13602.27
1049,2025-08-11,2025-08-14,Arjun,Kolkata,Electronics,Mouse,5,900,20,4500,397.87
1050,2025-04-08,2025-04-11,Priya,Kolkata,Office Supplies,Stapler,2,250,20,500,82.37
1051,2025-07-06,2025-07-10,Amit,Chennai,Electronics,Mouse,9,900,5,8100,1871.98
1052,2025-09-17,2025-09-20,Kavya,Chennai,Office Supplies,Paper,2,450,10,900,214.51
1053,2025-12-07,2025-12-11,Neha,Hyderabad,Furniture,Bookshelf,9,9000,15,81000,8748.27
1054,2025-10-24,2025-10-29,Arjun,Ahmedabad,Furniture,Office Chair,5,7000,15,35000,5009.24
1055,2025-12-04,2025-12-05,Pooja,Chennai,Furniture,Cabinet,4,15000,5,60000,11547.5
1056,2025-03-17,2025-03-18,Priya,Bengaluru,Electronics,Smartphone,5,25000,5,125000,16177.62
1057,2025-04-10,2025-04-16,Sahil,Ahmedabad,Furniture,Office Chair,8,7000,20,56000,9585.91
1058,2025-02-24,2025-03-03,Kavya,Bengaluru,Furniture,Desk,3,12000,0,36000,8075.98
1059,2025-05-08,2025-05-15,Sneha,Ahmedabad,Electronics,Printer,9,18000,20,162000,29516.56
1060,2025-06-12,2025-06-19,Nikhil,Kolkata,Electronics,Keyboard,9,1500,20,13500,4014.04
1061,2025-08-19,2025-08-22,Anjali,Hyderabad,Office Supplies,Marker,3,60,15,180,43.85
1062,2025-05-27,2025-05-29,Vikram,Chennai,Office Supplies,Marker,4,60,0,240,33.7
1063,2025-12-22,2025-12-24,Karan,Mumbai,Furniture,Office Chair,3,7000,15,21000,2376.84
1064,2025-02-01,2025-02-03,Kavya,Kolkata,Furniture,Cabinet,6,15000,15,90000,17943.7
1065,2025-06-30,2025-07-03,Sahil,Kolkata,Office Supplies,Notebook,10,120,0,1200,196.42
1066,2025-04-23,2025-04-26,Kavya,Ahmedabad,Office Supplies,Stapler,10,250,15,2500,693.8
1067,2025-03-26,2025-04-02,Nikhil,Delhi,Electronics,Keyboard,6,1500,15,9000,2044.37
1068,2025-10-16,2025-10-22,Rahul,Mumbai,Office Supplies,Stapler,1,250,20,250,69.88
1069,2025-01-26,2025-01-29,Sahil,Chennai,Office Supplies,Marker,3,60,5,180,48.73
1070,2025-05-23,2025-05-30,Kavya,Hyderabad,Electronics,Keyboard,6,1500,15,9000,1388.25
1071,2025-06-29,2025-07-01,Amit,Pune,Electronics,Keyboard,1,1500,0,1500,367.18
1072,2025-03-20,2025-03-22,Rohan,Ahmedabad,Electronics,Smartphone,4,25000,20,100000,26463.03
1073,2025-12-25,2025-12-28,Meera,Delhi,Office Supplies,Notebook,10,120,15,1200,346.21
1074,2025-06-09,2025-06-10,Rahul,Hyderabad,Office Supplies,Stapler,2,250,5,500,125.56
1075,2025-02-08,2025-02-13,Anjali,Mumbai,Office Supplies,Marker,7,60,5,420,120.59
1076,2025-01-22,2025-01-25,Kavya,Chennai,Office Supplies,Paper,10,450,20,4500,1157.47
1077,2025-09-08,2025-09-09,Kavya,Chennai,Electronics,Mouse,6,900,15,5400,447.03
1078,2025-11-30,2025-12-03,Aisha,Ahmedabad,Office Supplies,Marker,3,60,20,180,31.65
1079,2025-05-23,2025-05-27,Anjali,Ahmedabad,Furniture,Bookshelf,6,9000,0,54000,14438.35
1080,2025-06-16,2025-06-18,Aisha,Bengaluru,Office Supplies,Stapler,7,250,15,1750,269.51
1081,2025-12-26,2025-12-29,Rahul,Bengaluru,Furniture,Bookshelf,6,9000,20,54000,7642.34
1082,2025-12-20,2025-12-24,Aisha,Ahmedabad,Electronics,Smartphone,7,25000,5,175000,32810.25
1083,2025-06-06,2025-06-12,Meera,Ahmedabad,Electronics,Laptop,5,55000,5,275000,35406.58
1084,2025-06-19,2025-06-22,Nikhil,Hyderabad,Office Supplies,Stapler,6,250,20,1500,260.42
1085,2025-06-11,2025-06-12,Neha,Bengaluru,Furniture,Bookshelf,4,9000,5,36000,3835.59
1086,2025-09-26,2025-10-01,Pooja,Mumbai,Electronics,Printer,8,18000,20,144000,20279.51
1087,2025-01-08,2025-01-14,Rohan,Hyderabad,Electronics,Monitor,4,12000,10,48000,7650.9
1088,2025-11-23,2025-11-30,Aisha,Mumbai,Electronics,Laptop,9,55000,5,495000,71413.68
1089,2025-06-24,2025-06-26,Priya,Hyderabad,Electronics,Mouse,5,900,15,4500,824.7
1090,2025-10-23,2025-10-29,Priya,Delhi,Furniture,Office Chair,2,7000,0,14000,2354.18
1091,2025-03-02,2025-03-07,Kavya,Bengaluru,Electronics,Mouse,5,900,5,4500,444.33
1092,2025-10-29,2025-11-02,Pooja,Pune,Office Supplies,Marker,8,60,10,480,134.34
1093,2025-12-05,2025-12-06,Neha,Bengaluru,Office Supplies,Notebook,4,120,10,480,104.45
1094,2025-08-19,2025-08-25,Aisha,Hyderabad,Electronics,Mouse,2,900,15,1800,205.99
1095,2025-02-06,2025-02-12,Anjali,Hyderabad,Electronics,Smartphone,5,25000,15,125000,29441.29
1096,2025-04-26,2025-05-02,Rohan,Hyderabad,Office Supplies,Stapler,4,250,20,1000,173.53
1097,2025-11-01,2025-11-07,Pooja,Ahmedabad,Electronics,Laptop,1,55000,10,55000,6407.67
1098,2025-09-14,2025-09-19,Aisha,Ahmedabad,Electronics,Keyboard,5,1500,10,7500,1754.56
1099,2025-11-06,2025-11-09,Rahul,Mumbai,Electronics,Mouse,1,900,10,900,248.11
1100,2025-12-11,2025-12-18,Vikram,Pune,Electronics,Printer,10,18000,0,180000,37650.07
1101,2025-04-03,2025-04-08,Kavya,Ahmedabad,Electronics,Keyboard,9,1500,10,13500,3014.98
1102,2025-12-10,2025-12-11,Neha,Chennai,Electronics,Keyboard,6,1500,10,9000,1528.53
1103,2025-10-09,2025-10-10,Nikhil,Mumbai,Furniture,Cabinet,5,15000,15,75000,16932.63
1104,2025-09-21,2025-09-28,Rahul,Ahmedabad,Furniture,Bookshelf,6,9000,15,54000,5697.15
1105,2025-09-13,2025-09-19,Nikhil,Pune,Furniture,Office Chair,4,7000,20,28000,5433.59
1106,2025-08-13,2025-08-19,Aisha,Mumbai,Electronics,Monitor,9,12000,10,108000,11752.87
1107,2025-06-09,2025-06-14,Rahul,Kolkata,Electronics,Printer,10,18000,5,180000,46052.82
1108,2025-11-28,2025-12-05,Rohan,Ahmedabad,Electronics,Smartphone,2,25000,0,50000,9075.93
1109,2025-09-05,2025-09-09,Anjali,Ahmedabad,Office Supplies,Paper,9,450,15,4050,952.52
1110,2025-09-18,2025-09-24,Rohan,Mumbai,Office Supplies,Pen,7,30,20,210,25.61
1111,2025-05-17,2025-05-24,Rahul,Hyderabad,Furniture,Cabinet,6,15000,20,90000,25698.12
1112,2025-03-18,2025-03-22,Aisha,Chennai,Office Supplies,Paper,10,450,15,4500,934.12
1113,2025-12-24,2025-12-26,Sahil,Bengaluru,Furniture,Cabinet,8,15000,5,120000,34227.3
1114,2025-07-17,2025-07-23,Rohan,Ahmedabad,Furniture,Office Chair,6,7000,15,42000,10241.08
1115,2025-02-21,2025-02-28,Nikhil,Mumbai,Electronics,Smartphone,9,25000,10,225000,65785.0
1116,2025-12-02,2025-12-04,Amit,Ahmedabad,Office Supplies,Marker,1,60,15,60,14.34
1117,2025-06-18,2025-06-25,Sahil,Chennai,Furniture,Bookshelf,10,9000,0,90000,20915.55
1118,2025-05-01,2025-05-07,Pooja,Bengaluru,Office Supplies,Marker,9,60,0,540,47.46
1119,2025-08-16,2025-08-18,Pooja,Pune,Office Supplies,Notebook,7,120,0,840,248.0
1120,2025-08-09,2025-08-11,Anjali,Kolkata,Electronics,Monitor,1,12000,10,12000,1734.49
1121,2025-07-15,2025-07-20,Anjali,Ahmedabad,Office Supplies,Pen,3,30,20,90,10.67
1122,2025-08-24,2025-08-27,Rahul,Ahmedabad,Office Supplies,Pen,4,30,10,120,21.77
1123,2025-10-28,2025-10-31,Kavya,Hyderabad,Furniture,Desk,2,12000,10,24000,4252.33
1124,2025-02-24,2025-02-26,Sahil,Chennai,Furniture,Bookshelf,4,9000,15,36000,10795.04
1125,2025-05-21,2025-05-22,Priya,Ahmedabad,Office Supplies,Paper,5,450,15,2250,190.86
1126,2025-11-22,2025-11-24,Vikram,Delhi,Furniture,Desk,10,12000,5,120000,30771.0
1127,2025-01-18,2025-01-23,Meera,Delhi,Office Supplies,Notebook,1,120,15,120,17.76
1128,2025-04-13,2025-04-15,Meera,Hyderabad,Electronics,Monitor,6,12000,5,72000,17600.1
1129,2025-06-23,2025-06-30,Sneha,Ahmedabad,Electronics,Monitor,8,12000,10,96000,28111.15
1130,2025-10-13,2025-10-16,Amit,Kolkata,Electronics,Smartphone,4,25000,15,100000,26923.09
1131,2025-12-11,2025-12-17,Vikram,Kolkata,Electronics,Monitor,9,12000,10,108000,11576.47
1132,2025-01-13,2025-01-18,Arjun,Bengaluru,Office Supplies,Paper,2,450,15,900,205.62
1133,2025-11-29,2025-12-03,Sneha,Delhi,Office Supplies,Notebook,8,120,10,960,268.86
1134,2025-02-19,2025-02-21,Rohan,Kolkata,Electronics,Laptop,5,55000,0,275000,82253.61
1135,2025-08-01,2025-08-07,Sneha,Ahmedabad,Furniture,Bookshelf,9,9000,5,81000,13948.84
1136,2025-04-22,2025-04-26,Nikhil,Bengaluru,Office Supplies,Marker,5,60,10,300,26.16
1137,2025-02-01,2025-02-05,Vikram,Bengaluru,Furniture,Office Chair,6,7000,10,42000,8390.86
1138,2025-01-11,2025-01-12,Arjun,Bengaluru,Electronics,Keyboard,2,1500,20,3000,677.43
1139,2025-04-17,2025-04-22,Karan,Bengaluru,Electronics,Mouse,4,900,20,3600,342.34
1140,2025-03-08,2025-03-13,Vikram,Delhi,Furniture,Desk,10,12000,5,120000,9674.86
1141,2025-05-02,2025-05-07,Arjun,Pune,Electronics,Printer,1,18000,10,18000,1961.94
1142,2025-09-27,2025-09-28,Amit,Ahmedabad,Electronics,Monitor,1,12000,15,12000,1294.64
1143,2025-09-15,2025-09-17,Priya,Hyderabad,Furniture,Bookshelf,9,9000,15,81000,17059.13
1144,2025-08-07,2025-08-13,Sneha,Ahmedabad,Furniture,Office Chair,1,7000,15,7000,2097.82
1145,2025-11-08,2025-11-10,Amit,Delhi,Office Supplies,Marker,2,60,10,120,33.34
1146,2025-05-31,2025-06-04,Kavya,Mumbai,Furniture,Bookshelf,7,9000,20,63000,18825.54
1147,2025-08-09,2025-08-13,Anjali,Kolkata,Office Supplies,Notebook,9,120,5,1080,257.67
1148,2025-06-10,2025-06-14,Arjun,Hyderabad,Furniture,Cabinet,7,15000,0,105000,18009.36
1149,2025-02-17,2025-02-21,Sneha,Chennai,Furniture,Desk,8,12000,0,96000,9097.86
1150,2025-10-15,2025-10-18,Sneha,Kolkata,Electronics,Mouse,1,900,20,900,188.12
1151,2025-06-09,2025-06-12,Sneha,Bengaluru,Furniture,Cabinet,1,15000,20,15000,4395.72
1152,2025-06-29,2025-07-06,Meera,Mumbai,Electronics,Printer,8,18000,0,144000,18624.08
1153,2025-11-11,2025-11-17,Rahul,Hyderabad,Furniture,Desk,7,12000,20,84000,22338.47
1154,2025-06-23,2025-06-26,Rahul,Delhi,Electronics,Smartphone,5,25000,10,125000,29324.22
1155,2025-02-16,2025-02-22,Karan,Kolkata,Electronics,Mouse,7,900,0,6300,600.45
1156,2025-06-16,2025-06-23,Amit,Pune,Furniture,Cabinet,6,15000,10,90000,10316.7
1157,2025-05-20,2025-05-24,Kavya,Ahmedabad,Electronics,Smartphone,10,25000,0,250000,22736.94
1158,2025-02-28,2025-03-03,Kavya,Mumbai,Office Supplies,Marker,7,60,20,420,58.84
1159,2025-04-23,2025-04-27,Priya,Pune,Furniture,Cabinet,9,15000,0,135000,30613.84
1160,2025-05-29,2025-06-01,Sneha,Pune,Electronics,Monitor,4,12000,10,48000,11943.21
1161,2025-12-27,2025-12-29,Meera,Mumbai,Furniture,Cabinet,3,15000,20,45000,4878.94
1162,2025-06-10,2025-06-15,Kavya,Kolkata,Furniture,Office Chair,7,7000,0,49000,4122.03
1163,2025-06-16,2025-06-18,Nikhil,Chennai,Office Supplies,Marker,5,60,0,300,31.6
1164,2025-07-25,2025-07-30,Amit,Kolkata,Electronics,Keyboard,2,1500,20,3000,400.59
1165,2025-02-09,2025-02-14,Sneha,Bengaluru,Furniture,Bookshelf,4,9000,5,36000,5517.9
1166,2025-05-12,2025-05-14,Neha,Delhi,Furniture,Bookshelf,3,9000,5,27000,3563.44
1167,2025-08-26,2025-09-02,Nikhil,Chennai,Office Supplies,Notebook,3,120,15,360,104.14
1168,2025-08-15,2025-08-21,Pooja,Hyderabad,Office Supplies,Paper,3,450,15,1350,238.61
1169,2025-08-25,2025-08-29,Priya,Pune,Office Supplies,Notebook,6,120,10,720,137.96
1170,2025-11-11,2025-11-16,Sahil,Ahmedabad,Furniture,Bookshelf,2,9000,0,18000,3992.88
1171,2025-11-30,2025-12-02,Arjun,Ahmedabad,Office Supplies,Stapler,1,250,20,250,44.74
1172,2025-02-13,2025-02-18,Neha,Pune,Office Supplies,Pen,1,30,10,30,5.37
1173,2025-09-25,2025-09-30,Neha,Chennai,Electronics,Printer,8,18000,20,144000,42914.44
1174,2025-12-14,2025-12-19,Priya,Chennai,Furniture,Bookshelf,7,9000,10,63000,10705.54
1175,2025-05-26,2025-05-29,Rohan,Chennai,Electronics,Monitor,2,12000,15,24000,4866.05
1176,2025-12-02,2025-12-08,Sahil,Delhi,Electronics,Mouse,3,900,10,2700,760.55
1177,2025-03-07,2025-03-13,Amit,Kolkata,Office Supplies,Notebook,5,120,10,600,121.78
1178,2025-04-20,2025-04-23,Aisha,Bengaluru,Office Supplies,Paper,1,450,5,450,71.9
1179,2025-09-17,2025-09-24,Priya,Chennai,Electronics,Smartphone,3,25000,0,75000,7273.22
1180,2025-04-03,2025-04-10,Neha,Ahmedabad,Office Supplies,Pen,10,30,5,300,48.86
1181,2025-08-16,2025-08-21,Pooja,Ahmedabad,Electronics,Keyboard,6,1500,5,9000,2059.2
1182,2025-04-10,2025-04-13,Nikhil,Ahmedabad,Electronics,Mouse,4,900,15,3600,533.1
1183,2025-04-13,2025-04-20,Rohan,Hyderabad,Furniture,Cabinet,9,15000,5,135000,26465.56
1184,2025-02-22,2025-02-28,Sneha,Hyderabad,Electronics,Printer,8,18000,20,144000,39212.02
1185,2025-03-17,2025-03-24,Kavya,Mumbai,Electronics,Smartphone,5,25000,20,125000,22356.28
1186,2025-01-28,2025-02-01,Meera,Bengaluru,Electronics,Keyboard,6,1500,15,9000,2562.33
1187,2025-02-20,2025-02-27,Arjun,Delhi,Furniture,Office Chair,6,7000,10,42000,5434.74
1188,2025-12-23,2025-12-30,Rohan,Ahmedabad,Electronics,Laptop,5,55000,15,275000,77502.47
1189,2025-03-18,2025-03-23,Kavya,Mumbai,Furniture,Office Chair,2,7000,5,14000,1178.53
1190,2025-08-03,2025-08-09,Nikhil,Mumbai,Furniture,Desk,5,12000,5,60000,6408.4
1191,2025-10-22,2025-10-24,Rohan,Hyderabad,Electronics,Keyboard,10,1500,20,15000,2968.98
1192,2025-08-02,2025-08-04,Amit,Chennai,Furniture,Office Chair,10,7000,20,70000,11033.37
1193,2025-10-11,2025-10-12,Sahil,Ahmedabad,Electronics,Mouse,9,900,20,8100,1552.06
1194,2025-01-09,2025-01-12,Amit,Chennai,Electronics,Printer,7,18000,10,126000,37274.41
1195,2025-03-10,2025-03-11,Meera,Chennai,Electronics,Printer,2,18000,10,36000,8990.29
1196,2025-11-20,2025-11-22,Rohan,Mumbai,Office Supplies,Pen,8,30,15,240,70.99
1197,2025-04-13,2025-04-14,Arjun,Hyderabad,Office Supplies,Marker,1,60,0,60,8.67
1198,2025-11-28,2025-11-30,Pooja,Chennai,Office Supplies,Marker,9,60,0,540,99.44
1199,2025-08-12,2025-08-16,Nikhil,Kolkata,Electronics,Printer,6,18000,10,108000,15131.63
1200,2025-09-23,2025-09-26,Amit,Kolkata,Furniture,Desk,8,12000,10,96000,22296.49
1201,2025-10-07,2025-10-10,Arjun,Mumbai,Electronics,Keyboard,10,1500,5,15000,4483.82
1202,2025-08-07,2025-08-09,Nikhil,Chennai,Electronics,Monitor,5,12000,20,60000,8845.75
1203,2025-05-21,2025-05-27,Priya,Mumbai,Furniture,Office Chair,6,7000,15,42000,9041.23
1204,2025-01-16,2025-01-18,Nikhil,Pune,Office Supplies,Marker,6,60,5,360,69.44
1205,2025-07-05,2025-07-09,Priya,Delhi,Electronics,Laptop,4,55000,10,220000,55280.14
1206,2025-10-21,2025-10-23,Meera,Kolkata,Office Supplies,Marker,6,60,0,360,58.26
1207,2025-04-06,2025-04-10,Sahil,Mumbai,Furniture,Bookshelf,4,9000,0,36000,10487.32
1208,2025-05-27,2025-06-02,Aisha,Bengaluru,Furniture,Bookshelf,8,9000,20,72000,9158.8
1209,2025-02-14,2025-02-21,Arjun,Chennai,Electronics,Smartphone,2,25000,15,50000,8972.47
1210,2025-03-22,2025-03-28,Neha,Chennai,Office Supplies,Notebook,9,120,10,1080,215.22
1211,2025-05-02,2025-05-09,Aisha,Pune,Office Supplies,Pen,2,30,5,60,17.8
1212,2025-03-08,2025-03-13,Amit,Mumbai,Furniture,Bookshelf,8,9000,20,72000,18490.0
1213,2025-10-22,2025-10-23,Rohan,Chennai,Furniture,Cabinet,8,15000,15,120000,23478.37
1214,2025-06-26,2025-06-28,Neha,Delhi,Office Supplies,Notebook,8,120,20,960,175.18
1215,2025-03-26,2025-03-28,Arjun,Bengaluru,Furniture,Office Chair,2,7000,10,14000,2715.75
1216,2025-05-21,2025-05-23,Pooja,Mumbai,Furniture,Bookshelf,2,9000,20,18000,2432.4
1217,2025-03-29,2025-04-04,Arjun,Pune,Office Supplies,Pen,10,30,5,300,86.15
1218,2025-05-16,2025-05-22,Karan,Kolkata,Electronics,Laptop,1,55000,20,55000,15877.42
1219,2025-05-29,2025-06-04,Pooja,Ahmedabad,Office Supplies,Notebook,8,120,20,960,264.56
1220,2025-12-19,2025-12-20,Neha,Ahmedabad,Electronics,Printer,7,18000,0,126000,18324.87
1221,2025-03-15,2025-03-18,Arjun,Chennai,Furniture,Cabinet,8,15000,20,120000,14986.21
1222,2025-06-13,2025-06-15,Nikhil,Mumbai,Furniture,Desk,6,12000,0,72000,13917.29
1223,2025-05-29,2025-06-02,Kavya,Bengaluru,Furniture,Cabinet,4,15000,0,60000,6659.58
1224,2025-03-23,2025-03-27,Nikhil,Ahmedabad,Electronics,Monitor,10,12000,5,120000,28637.79
1225,2025-09-16,2025-09-20,Anjali,Bengaluru,Furniture,Cabinet,1,15000,15,15000,1497.16
1226,2025-11-02,2025-11-09,Aisha,Hyderabad,Office Supplies,Paper,1,450,15,450,41.0
1227,2025-07-07,2025-07-14,Sahil,Chennai,Office Supplies,Notebook,2,120,10,240,41.95
1228,2025-07-05,2025-07-10,Pooja,Mumbai,Electronics,Keyboard,1,1500,5,1500,308.19
1229,2025-12-15,2025-12-20,Sneha,Delhi,Furniture,Cabinet,9,15000,20,135000,19107.7
1230,2025-10-13,2025-10-16,Rohan,Bengaluru,Electronics,Keyboard,6,1500,10,9000,2293.9
1231,2025-01-20,2025-01-22,Arjun,Ahmedabad,Office Supplies,Stapler,7,250,0,1750,332.53
1232,2025-03-13,2025-03-16,Arjun,Delhi,Office Supplies,Marker,3,60,20,180,38.41
1233,2025-09-30,2025-10-04,Pooja,Ahmedabad,Furniture,Bookshelf,10,9000,20,90000,13860.19
1234,2025-10-26,2025-10-29,Rahul,Ahmedabad,Electronics,Monitor,6,12000,15,72000,16433.09
1235,2025-09-26,2025-10-02,Sahil,Delhi,Furniture,Desk,1,12000,5,12000,2500.5
1236,2025-04-08,2025-04-09,Nikhil,Chennai,Office Supplies,Pen,1,30,0,30,6.18
1237,2025-09-14,2025-09-21,Aisha,Pune,Furniture,Desk,7,12000,15,84000,19480.44
1238,2025-12-06,2025-12-10,Sahil,Chennai,Office Supplies,Pen,9,30,10,270,33.92
1239,2025-12-13,2025-12-20,Vikram,Ahmedabad,Electronics,Keyboard,9,1500,10,13500,2096.71
1240,2025-06-02,2025-06-09,Pooja,Bengaluru,Electronics,Smartphone,5,25000,5,125000,25347.38
1241,2025-05-21,2025-05-24,Sneha,Kolkata,Office Supplies,Marker,6,60,20,360,66.8
1242,2025-02-10,2025-02-13,Nikhil,Hyderabad,Furniture,Bookshelf,3,9000,10,27000,3885.29
1243,2025-05-19,2025-05-24,Vikram,Delhi,Office Supplies,Marker,4,60,20,240,29.87
1244,2025-12-09,2025-12-14,Anjali,Bengaluru,Electronics,Mouse,10,900,0,9000,1193.78
1245,2025-02-21,2025-02-27,Rohan,Pune,Electronics,Laptop,7,55000,15,385000,58775.87
1246,2025-09-02,2025-09-08,Karan,Hyderabad,Office Supplies,Pen,7,30,15,210,46.96
1247,2025-11-30,2025-12-05,Anjali,Pune,Furniture,Bookshelf,1,9000,0,9000,2517.72
1248,2025-07-23,2025-07-30,Aisha,Delhi,Electronics,Keyboard,3,1500,0,4500,1284.58
1249,2025-11-05,2025-11-06,Arjun,Hyderabad,Office Supplies,Paper,1,450,20,450,36.92
1250,2025-05-20,2025-05-22,Sneha,Chennai,Furniture,Cabinet,3,15000,15,45000,12025.49
1251,2025-01-08,2025-01-14,Arjun,Hyderabad,Electronics,Printer,8,18000,5,144000,32057.68
1252,2025-08-07,2025-08-12,Arjun,Mumbai,Office Supplies,Pen,3,30,15,90,19.3
1253,2025-06-15,2025-06-17,Rahul,Hyderabad,Furniture,Office Chair,3,7000,15,21000,6215.39
1254,2025-06-04,2025-06-09,Rahul,Hyderabad,Furniture,Desk,8,12000,10,96000,23599.34
1255,2025-08-27,2025-08-30,Neha,Kolkata,Office Supplies,Paper,4,450,0,1800,168.6
1256,2025-07-08,2025-07-13,Anjali,Bengaluru,Office Supplies,Stapler,5,250,10,1250,289.83
1257,2025-07-11,2025-07-15,Aisha,Bengaluru,Electronics,Keyboard,3,1500,20,4500,810.43
1258,2025-09-27,2025-10-01,Meera,Mumbai,Electronics,Printer,10,18000,0,180000,48976.15
1259,2025-04-14,2025-04-19,Rohan,Delhi,Office Supplies,Notebook,1,120,20,120,31.48
1260,2025-09-08,2025-09-09,Nikhil,Pune,Furniture,Cabinet,2,15000,20,30000,6889.95
1261,2025-01-30,2025-02-04,Nikhil,Hyderabad,Furniture,Desk,9,12000,20,108000,18510.49
1262,2025-04-22,2025-04-27,Amit,Pune,Office Supplies,Notebook,7,120,0,840,114.22
1263,2025-02-05,2025-02-09,Priya,Hyderabad,Furniture,Bookshelf,2,9000,0,18000,3583.01
1264,2025-07-11,2025-07-15,Nikhil,Kolkata,Furniture,Desk,3,12000,15,36000,8945.36
1265,2025-03-02,2025-03-04,Sahil,Delhi,Furniture,Office Chair,9,7000,10,63000,6883.24
1266,2025-08-26,2025-09-01,Kavya,Kolkata,Office Supplies,Pen,1,30,10,30,7.39
1267,2025-04-07,2025-04-13,Sneha,Pune,Electronics,Smartphone,8,25000,10,200000,31231.03
1268,2025-05-04,2025-05-06,Amit,Mumbai,Office Supplies,Marker,10,60,0,600,149.12
1269,2025-05-06,2025-05-12,Priya,Kolkata,Office Supplies,Notebook,8,120,0,960,203.05
1270,2025-03-13,2025-03-18,Pooja,Bengaluru,Furniture,Desk,9,12000,0,108000,13802.32
1271,2025-05-02,2025-05-05,Rohan,Bengaluru,Office Supplies,Stapler,6,250,10,1500,310.57
1272,2025-03-31,2025-04-06,Kavya,Ahmedabad,Furniture,Bookshelf,5,9000,20,45000,4203.48
1273,2025-12-23,2025-12-27,Kavya,Delhi,Electronics,Monitor,7,12000,10,84000,21241.67
1274,2025-05-04,2025-05-11,Anjali,Hyderabad,Furniture,Cabinet,3,15000,15,45000,11068.72
1275,2025-07-31,2025-08-04,Rohan,Kolkata,Office Supplies,Pen,8,30,20,240,67.5
1276,2025-08-19,2025-08-26,Meera,Mumbai,Electronics,Monitor,4,12000,0,48000,7327.58
1277,2025-11-05,2025-11-06,Amit,Bengaluru,Office Supplies,Pen,1,30,20,30,4.17
1278,2025-06-05,2025-06-06,Karan,Bengaluru,Office Supplies,Stapler,4,250,10,1000,185.47
1279,2025-12-27,2025-12-29,Sahil,Bengaluru,Office Supplies,Notebook,8,120,20,960,269.93
1280,2025-11-29,2025-12-02,Pooja,Hyderabad,Office Supplies,Paper,5,450,20,2250,368.43
1281,2025-06-13,2025-06-15,Meera,Chennai,Furniture,Cabinet,8,15000,15,120000,12203.26
1282,2025-01-09,2025-01-12,Kavya,Hyderabad,Furniture,Office Chair,10,7000,5,70000,18906.91
1283,2025-05-06,2025-05-10,Arjun,Hyderabad,Electronics,Smartphone,6,25000,20,150000,19590.61
1284,2025-03-28,2025-03-30,Aisha,Delhi,Furniture,Cabinet,8,15000,10,120000,14041.37
1285,2025-12-09,2025-12-10,Rahul,Kolkata,Office Supplies,Notebook,9,120,0,1080,94.44
1286,2025-01-05,2025-01-07,Nikhil,Chennai,Electronics,Printer,4,18000,5,72000,6836.61
1287,2025-01-09,2025-01-10,Kavya,Pune,Electronics,Mouse,10,900,15,9000,2527.25
1288,2025-01-09,2025-01-14,Kavya,Delhi,Electronics,Mouse,5,900,10,4500,890.38
1289,2025-11-14,2025-11-19,Vikram,Chennai,Electronics,Laptop,9,55000,5,495000,55814.94
1290,2025-08-24,2025-08-29,Anjali,Bengaluru,Furniture,Cabinet,2,15000,15,30000,4862.14
1291,2025-07-13,2025-07-18,Aisha,Pune,Furniture,Office Chair,1,7000,15,7000,703.99
1292,2025-11-27,2025-12-04,Arjun,Mumbai,Office Supplies,Notebook,3,120,15,360,35.35
1293,2025-09-01,2025-09-04,Priya,Mumbai,Office Supplies,Notebook,4,120,20,480,60.73
1294,2025-04-02,2025-04-09,Arjun,Pune,Office Supplies,Paper,9,450,0,4050,826.09
1295,2025-02-09,2025-02-12,Neha,Bengaluru,Electronics,Mouse,3,900,15,2700,662.84
1296,2025-12-19,2025-12-25,Amit,Chennai,Office Supplies,Marker,9,60,5,540,82.61
1297,2025-06-24,2025-06-29,Sahil,Chennai,Electronics,Laptop,7,55000,0,385000,50462.6
1298,2025-09-09,2025-09-11,Meera,Kolkata,Electronics,Printer,5,18000,15,90000,22714.25
1299,2025-11-13,2025-11-16,Anjali,Mumbai,Furniture,Desk,10,12000,0,120000,27041.74
1300,2025-07-19,2025-07-22,Meera,Mumbai,Electronics,Monitor,3,12000,5,36000,5889.6
1301,2025-02-22,2025-02-24,Amit,Delhi,Electronics,Laptop,5,55000,10,275000,48906.52
1302,2025-02-22,2025-02-23,Amit,Chennai,Furniture,Cabinet,9,15000,15,135000,27275.78
1303,2025-07-17,2025-07-18,Pooja,Kolkata,Office Supplies,Notebook,10,120,10,1200,253.88
1304,2025-10-20,2025-10-25,Neha,Kolkata,Furniture,Office Chair,9,7000,5,63000,17586.18
1305,2025-03-16,2025-03-17,Neha,Kolkata,Electronics,Smartphone,5,25000,15,125000,18281.11
1306,2025-07-04,2025-07-07,Anjali,Ahmedabad,Furniture,Cabinet,5,15000,0,75000,13989.82
1307,2025-06-05,2025-06-06,Sahil,Chennai,Office Supplies,Stapler,4,250,5,1000,180.73
1308,2025-11-30,2025-12-05,Rohan,Hyderabad,Office Supplies,Marker,6,60,15,360,63.67
1309,2025-06-13,2025-06-16,Aisha,Bengaluru,Furniture,Desk,8,12000,15,96000,14315.55
1310,2025-07-06,2025-07-07,Karan,Delhi,Furniture,Cabinet,5,15000,15,75000,19472.16
1311,2025-12-29,2025-12-31,Nikhil,Hyderabad,Office Supplies,Stapler,1,250,15,250,72.42
1312,2025-11-21,2025-11-24,Anjali,Hyderabad,Office Supplies,Notebook,7,120,5,840,191.57
1313,2025-08-18,2025-08-23,Aisha,Kolkata,Office Supplies,Pen,7,30,0,210,53.26
1314,2025-12-26,2026-01-02,Amit,Mumbai,Office Supplies,Stapler,7,250,10,1750,349.3
1315,2025-01-23,2025-01-28,Sahil,Chennai,Electronics,Printer,6,18000,20,108000,12592.2
1316,2025-09-19,2025-09-25,Anjali,Ahmedabad,Furniture,Office Chair,1,7000,5,7000,711.85
1317,2025-12-20,2025-12-25,Rohan,Chennai,Furniture,Cabinet,8,15000,20,120000,29989.83
1318,2025-03-01,2025-03-08,Rohan,Chennai,Electronics,Keyboard,2,1500,0,3000,434.99
1319,2025-09-05,2025-09-08,Aisha,Mumbai,Furniture,Bookshelf,8,9000,20,72000,18182.84
1320,2025-12-30,2025-12-31,Rahul,Chennai,Furniture,Cabinet,6,15000,0,90000,8530.05
1321,2025-09-22,2025-09-24,Neha,Chennai,Office Supplies,Notebook,3,120,5,360,102.45
1322,2025-11-19,2025-11-21,Neha,Kolkata,Office Supplies,Marker,8,60,15,480,62.88
1323,2025-10-31,2025-11-04,Sahil,Pune,Furniture,Office Chair,10,7000,15,70000,19199.7
1324,2025-10-23,2025-10-24,Neha,Chennai,Office Supplies,Pen,4,30,0,120,16.95
1325,2025-09-28,2025-10-04,Arjun,Kolkata,Furniture,Desk,8,12000,15,96000,10086.73
1326,2025-08-23,2025-08-28,Neha,Hyderabad,Office Supplies,Marker,10,60,10,600,63.08
1327,2025-03-02,2025-03-04,Pooja,Mumbai,Office Supplies,Stapler,2,250,10,500,113.93
1328,2025-11-02,2025-11-04,Sahil,Kolkata,Electronics,Monitor,3,12000,15,36000,6925.73
1329,2025-10-12,2025-10-14,Aisha,Hyderabad,Electronics,Keyboard,9,1500,5,13500,3139.5
1330,2025-01-28,2025-02-04,Meera,Pune,Electronics,Smartphone,6,25000,20,150000,39785.51
1331,2025-09-16,2025-09-22,Aisha,Kolkata,Furniture,Desk,4,12000,20,48000,12448.68
1332,2025-09-08,2025-09-10,Amit,Pune,Office Supplies,Marker,7,60,15,420,99.22
1333,2025-05-28,2025-05-30,Nikhil,Ahmedabad,Electronics,Monitor,1,12000,20,12000,1685.61
1334,2025-10-06,2025-10-13,Meera,Pune,Office Supplies,Stapler,2,250,10,500,103.0
1335,2025-02-22,2025-02-28,Anjali,Hyderabad,Office Supplies,Marker,9,60,15,540,69.16
1336,2025-08-13,2025-08-20,Sneha,Bengaluru,Electronics,Keyboard,5,1500,0,7500,1175.15
1337,2025-11-20,2025-11-24,Neha,Delhi,Electronics,Printer,10,18000,20,180000,41689.69
1338,2025-05-24,2025-05-29,Neha,Chennai,Electronics,Smartphone,1,25000,20,25000,5135.41
1339,2025-12-14,2025-12-21,Sneha,Delhi,Office Supplies,Paper,5,450,20,2250,463.5
1340,2025-12-26,2026-01-02,Rohan,Bengaluru,Furniture,Office Chair,5,7000,5,35000,9476.27
1341,2025-09-08,2025-09-10,Vikram,Kolkata,Electronics,Printer,6,18000,15,108000,28324.73
1342,2025-07-26,2025-07-31,Vikram,Chennai,Furniture,Cabinet,2,15000,0,30000,6581.94
1343,2025-08-23,2025-08-29,Meera,Mumbai,Furniture,Cabinet,6,15000,0,90000,18722.72
1344,2025-09-11,2025-09-14,Arjun,Hyderabad,Office Supplies,Marker,4,60,5,240,70.32
1345,2025-12-16,2025-12-23,Priya,Pune,Furniture,Desk,10,12000,10,120000,32103.96
1346,2025-08-14,2025-08-18,Rahul,Kolkata,Electronics,Printer,8,18000,5,144000,12035.79
1347,2025-03-23,2025-03-30,Vikram,Mumbai,Electronics,Printer,3,18000,10,54000,14799.92
1348,2025-01-27,2025-01-31,Pooja,Bengaluru,Office Supplies,Paper,5,450,5,2250,220.8
1349,2025-02-09,2025-02-11,Anjali,Ahmedabad,Furniture,Office Chair,2,7000,15,14000,1123.35
1350,2025-12-22,2025-12-24,Aisha,Mumbai,Electronics,Laptop,6,55000,15,330000,85722.12
1351,2025-02-22,2025-02-25,Meera,Hyderabad,Electronics,Keyboard,2,1500,0,3000,722.3
1352,2025-02-05,2025-02-10,Rahul,Delhi,Electronics,Keyboard,3,1500,5,4500,995.16
1353,2025-07-30,2025-08-04,Nikhil,Bengaluru,Furniture,Bookshelf,4,9000,5,36000,7854.39
1354,2025-07-16,2025-07-19,Kavya,Chennai,Electronics,Laptop,3,55000,20,165000,40513.78
1355,2025-10-11,2025-10-16,Pooja,Pune,Electronics,Smartphone,5,25000,5,125000,27727.07
1356,2025-04-07,2025-04-13,Sahil,Hyderabad,Office Supplies,Paper,4,450,20,1800,349.03
1357,2025-05-04,2025-05-08,Amit,Pune,Office Supplies,Notebook,4,120,0,480,90.66
1358,2025-08-04,2025-08-07,Neha,Ahmedabad,Furniture,Bookshelf,3,9000,20,27000,4457.82
1359,2025-04-21,2025-04-22,Priya,Kolkata,Electronics,Laptop,10,55000,10,550000,52171.44
1360,2025-12-26,2025-12-30,Amit,Delhi,Office Supplies,Paper,9,450,15,4050,1007.5
1361,2025-03-21,2025-03-26,Arjun,Kolkata,Furniture,Office Chair,5,7000,5,35000,3408.47
1362,2025-01-30,2025-02-01,Amit,Kolkata,Office Supplies,Notebook,5,120,5,600,140.23
1363,2025-12-08,2025-12-14,Neha,Mumbai,Electronics,Keyboard,10,1500,10,15000,3209.15
1364,2025-09-12,2025-09-15,Vikram,Delhi,Electronics,Printer,3,18000,5,54000,12653.82
1365,2025-01-16,2025-01-19,Kavya,Hyderabad,Furniture,Desk,5,12000,0,60000,14474.75
1366,2025-11-18,2025-11-19,Aisha,Ahmedabad,Office Supplies,Notebook,5,120,20,600,142.03
1367,2025-03-27,2025-03-30,Neha,Hyderabad,Office Supplies,Paper,1,450,20,450,85.46
1368,2025-01-02,2025-01-03,Rahul,Bengaluru,Electronics,Mouse,2,900,20,1800,234.45
1369,2025-04-02,2025-04-09,Priya,Kolkata,Electronics,Keyboard,6,1500,5,9000,1478.3
1370,2025-05-19,2025-05-26,Amit,Chennai,Electronics,Monitor,4,12000,10,48000,8235.67
1371,2025-01-24,2025-01-28,Amit,Ahmedabad,Electronics,Mouse,1,900,20,900,107.51
1372,2025-01-05,2025-01-08,Karan,Hyderabad,Furniture,Bookshelf,6,9000,15,54000,5346.26
1373,2025-10-30,2025-11-03,Karan,Bengaluru,Office Supplies,Paper,10,450,10,4500,600.16
1374,2025-06-27,2025-07-03,Rahul,Chennai,Electronics,Laptop,7,55000,20,385000,32825.2
1375,2025-02-23,2025-02-25,Anjali,Kolkata,Electronics,Printer,7,18000,10,126000,33614.45
1376,2025-01-23,2025-01-25,Kavya,Chennai,Furniture,Office Chair,3,7000,0,21000,4967.83
1377,2025-11-23,2025-11-30,Sahil,Mumbai,Furniture,Office Chair,10,7000,5,70000,7071.89
1378,2025-05-02,2025-05-05,Vikram,Chennai,Office Supplies,Stapler,1,250,5,250,43.92
1379,2025-02-08,2025-02-10,Rohan,Mumbai,Furniture,Bookshelf,6,9000,5,54000,9698.76
1380,2025-07-28,2025-07-29,Meera,Bengaluru,Electronics,Laptop,3,55000,10,165000,29519.27
1381,2025-02-16,2025-02-18,Pooja,Pune,Furniture,Bookshelf,8,9000,0,72000,9957.73
1382,2025-07-02,2025-07-06,Priya,Hyderabad,Electronics,Monitor,3,12000,5,36000,3602.41
1383,2025-10-12,2025-10-18,Anjali,Mumbai,Furniture,Desk,1,12000,15,12000,3473.54
1384,2025-04-24,2025-04-26,Karan,Kolkata,Furniture,Office Chair,3,7000,0,21000,2241.11
1385,2025-01-12,2025-01-13,Karan,Ahmedabad,Furniture,Office Chair,10,7000,0,70000,14626.23
1386,2025-01-26,2025-01-28,Kavya,Kolkata,Electronics,Laptop,6,55000,15,330000,35295.51
1387,2025-07-01,2025-07-03,Neha,Hyderabad,Furniture,Office Chair,7,7000,5,49000,11285.04
1388,2025-11-12,2025-11-14,Pooja,Ahmedabad,Furniture,Cabinet,3,15000,20,45000,3943.03
1389,2025-03-12,2025-03-16,Karan,Bengaluru,Furniture,Cabinet,1,15000,15,15000,1489.48
1390,2025-09-03,2025-09-08,Aisha,Chennai,Office Supplies,Stapler,1,250,10,250,74.42
1391,2025-01-14,2025-01-17,Anjali,Pune,Office Supplies,Stapler,6,250,5,1500,248.17
1392,2025-04-30,2025-05-02,Sneha,Bengaluru,Furniture,Office Chair,8,7000,20,56000,11002.61
1393,2025-04-23,2025-04-28,Sahil,Chennai,Office Supplies,Pen,5,30,0,150,29.61
1394,2025-10-30,2025-10-31,Meera,Delhi,Electronics,Smartphone,4,25000,10,100000,21035.43
1395,2025-09-09,2025-09-10,Amit,Pune,Office Supplies,Pen,8,30,5,240,47.82
1396,2025-01-01,2025-01-04,Karan,Delhi,Electronics,Mouse,4,900,15,3600,303.78
1397,2025-10-28,2025-11-03,Rohan,Mumbai,Furniture,Desk,6,12000,5,72000,6703.37
1398,2025-10-28,2025-10-29,Arjun,Hyderabad,Office Supplies,Paper,2,450,15,900,145.97
1399,2025-11-24,2025-11-28,Arjun,Delhi,Furniture,Desk,3,12000,15,36000,8680.23
1400,2025-12-07,2025-12-12,Neha,Kolkata,Office Supplies,Stapler,10,250,5,2500,632.85
1401,2025-12-26,2025-12-31,Sahil,Pune,Furniture,Bookshelf,3,9000,0,27000,3215.59
1402,2025-04-24,2025-04-30,Sneha,Ahmedabad,Electronics,Mouse,6,900,20,5400,1526.19
1403,2025-03-27,2025-04-02,Amit,Chennai,Electronics,Monitor,2,12000,10,24000,3176.62
1404,2025-06-29,2025-07-02,Sneha,Pune,Furniture,Office Chair,5,7000,0,35000,4414.57
1405,2025-07-31,2025-08-04,Sahil,Chennai,Electronics,Keyboard,8,1500,5,12000,2894.02
1406,2025-11-30,2025-12-07,Anjali,Delhi,Office Supplies,Marker,2,60,20,120,31.48
1407,2025-05-14,2025-05-15,Amit,Chennai,Furniture,Office Chair,1,7000,10,7000,1014.16
1408,2025-02-17,2025-02-20,Aisha,Pune,Electronics,Keyboard,3,1500,20,4500,1084.67
1409,2025-01-28,2025-01-29,Arjun,Bengaluru,Furniture,Desk,10,12000,5,120000,33089.49
1410,2025-05-16,2025-05-22,Pooja,Hyderabad,Electronics,Keyboard,9,1500,20,13500,3224.45
1411,2025-09-09,2025-09-11,Priya,Chennai,Electronics,Laptop,1,55000,20,55000,9154.12
1412,2025-09-03,2025-09-05,Sneha,Pune,Electronics,Keyboard,2,1500,20,3000,434.4
1413,2025-03-01,2025-03-04,Sahil,Ahmedabad,Electronics,Smartphone,5,25000,15,125000,36869.09
1414,2025-04-05,2025-04-08,Sahil,Chennai,Furniture,Bookshelf,2,9000,15,18000,3981.79
1415,2025-05-15,2025-05-17,Vikram,Pune,Electronics,Keyboard,1,1500,15,1500,206.89
1416,2025-10-05,2025-10-09,Anjali,Pune,Electronics,Printer,2,18000,10,36000,3558.8
1417,2025-10-21,2025-10-23,Aisha,Hyderabad,Furniture,Cabinet,9,15000,15,135000,31205.92
1418,2025-10-20,2025-10-26,Rohan,Mumbai,Electronics,Keyboard,1,1500,20,1500,285.69
1419,2025-03-06,2025-03-07,Kavya,Mumbai,Furniture,Desk,3,12000,5,36000,10579.55
1420,2025-11-01,2025-11-04,Arjun,Mumbai,Office Supplies,Marker,4,60,5,240,71.86
1421,2025-05-22,2025-05-27,Nikhil,Pune,Electronics,Keyboard,9,1500,10,13500,2260.14
1422,2025-02-27,2025-03-03,Rohan,Delhi,Office Supplies,Stapler,10,250,15,2500,487.41
1423,2025-02-24,2025-03-01,Sneha,Hyderabad,Office Supplies,Stapler,10,250,0,2500,617.11
1424,2025-10-20,2025-10-25,Aisha,Pune,Office Supplies,Paper,7,450,15,3150,435.05
1425,2025-12-15,2025-12-21,Sahil,Pune,Electronics,Monitor,7,12000,20,84000,9378.4
1426,2025-05-18,2025-05-21,Rahul,Chennai,Furniture,Bookshelf,4,9000,15,36000,3270.38
1427,2025-04-27,2025-04-29,Pooja,Ahmedabad,Furniture,Bookshelf,5,9000,0,45000,11944.18
1428,2025-04-07,2025-04-11,Karan,Kolkata,Furniture,Bookshelf,7,9000,0,63000,13425.01
1429,2025-09-21,2025-09-28,Neha,Mumbai,Office Supplies,Marker,9,60,0,540,146.22
1430,2025-10-19,2025-10-20,Neha,Bengaluru,Furniture,Cabinet,3,15000,20,45000,11327.11
1431,2025-07-04,2025-07-10,Karan,Hyderabad,Electronics,Laptop,4,55000,0,220000,19200.64
1432,2025-12-15,2025-12-16,Anjali,Chennai,Furniture,Cabinet,9,15000,0,135000,22589.19
1433,2025-10-28,2025-11-02,Meera,Chennai,Furniture,Cabinet,3,15000,15,45000,13109.15
1434,2025-01-26,2025-01-28,Karan,Bengaluru,Electronics,Monitor,2,12000,15,24000,3425.17
1435,2025-09-20,2025-09-21,Rahul,Ahmedabad,Office Supplies,Pen,4,30,15,120,16.7
1436,2025-04-25,2025-04-28,Pooja,Hyderabad,Electronics,Printer,3,18000,0,54000,11461.57
1437,2025-08-27,2025-08-30,Sahil,Mumbai,Furniture,Cabinet,6,15000,5,90000,16288.16
1438,2025-11-08,2025-11-11,Pooja,Mumbai,Electronics,Mouse,6,900,20,5400,1099.01
1439,2025-05-22,2025-05-25,Pooja,Bengaluru,Furniture,Office Chair,6,7000,10,42000,12492.46
1440,2025-07-26,2025-08-01,Arjun,Delhi,Electronics,Mouse,4,900,20,3600,1000.55
1441,2025-08-03,2025-08-07,Sahil,Pune,Office Supplies,Notebook,8,120,10,960,287.47
1442,2025-12-18,2025-12-23,Aisha,Chennai,Office Supplies,Stapler,4,250,5,1000,155.5
1443,2025-04-03,2025-04-06,Sneha,Ahmedabad,Office Supplies,Paper,3,450,20,1350,357.67
1444,2025-04-04,2025-04-10,Arjun,Mumbai,Electronics,Printer,5,18000,20,90000,21558.7
1445,2025-08-04,2025-08-11,Arjun,Chennai,Electronics,Monitor,4,12000,10,48000,11698.86
1446,2025-01-28,2025-02-04,Amit,Ahmedabad,Furniture,Bookshelf,8,9000,15,72000,19243.23
1447,2025-09-29,2025-10-02,Kavya,Pune,Electronics,Mouse,2,900,15,1800,487.53
1448,2025-08-23,2025-08-25,Arjun,Delhi,Electronics,Smartphone,4,25000,20,100000,15538.74
1449,2025-06-10,2025-06-16,Priya,Pune,Electronics,Keyboard,6,1500,5,9000,1969.44
1450,2025-10-23,2025-10-30,Neha,Ahmedabad,Furniture,Bookshelf,4,9000,5,36000,8908.65
1451,2025-07-26,2025-07-30,Aisha,Kolkata,Electronics,Smartphone,10,25000,15,250000,43854.13
1452,2025-01-08,2025-01-11,Karan,Pune,Electronics,Laptop,9,55000,10,495000,61316.21
1453,2025-06-09,2025-06-11,Sneha,Kolkata,Office Supplies,Notebook,4,120,10,480,62.29
1454,2025-06-02,2025-06-05,Nikhil,Chennai,Office Supplies,Stapler,5,250,0,1250,145.93
1455,2025-07-03,2025-07-10,Karan,Delhi,Furniture,Desk,6,12000,15,72000,21538.84
1456,2025-04-19,2025-04-25,Rahul,Delhi,Furniture,Office Chair,4,7000,5,28000,3621.82
1457,2025-10-01,2025-10-06,Priya,Pune,Electronics,Monitor,1,12000,10,12000,1950.51
1458,2025-08-02,2025-08-06,Sahil,Mumbai,Office Supplies,Notebook,1,120,0,120,10.87
1459,2025-12-22,2025-12-28,Rahul,Hyderabad,Office Supplies,Paper,8,450,5,3600,843.88
1460,2025-12-25,2025-12-27,Kavya,Mumbai,Furniture,Office Chair,9,7000,20,63000,8781.88
1461,2025-09-12,2025-09-14,Karan,Hyderabad,Office Supplies,Stapler,2,250,0,500,71.1
1462,2025-03-24,2025-03-25,Aisha,Bengaluru,Office Supplies,Pen,6,30,10,180,42.26
1463,2025-12-10,2025-12-11,Sneha,Ahmedabad,Office Supplies,Marker,6,60,0,360,47.37
1464,2025-05-12,2025-05-18,Anjali,Ahmedabad,Electronics,Laptop,9,55000,0,495000,47772.75
1465,2025-01-21,2025-01-28,Pooja,Chennai,Furniture,Bookshelf,8,9000,5,72000,6553.27
1466,2025-01-24,2025-01-25,Rohan,Delhi,Office Supplies,Paper,7,450,0,3150,763.81
1467,2025-02-17,2025-02-20,Arjun,Delhi,Furniture,Bookshelf,8,9000,10,72000,20888.61
1468,2025-07-17,2025-07-23,Aisha,Kolkata,Electronics,Keyboard,7,1500,10,10500,3062.94
1469,2025-03-23,2025-03-24,Kavya,Ahmedabad,Office Supplies,Pen,2,30,0,60,6.55
1470,2025-11-10,2025-11-11,Rohan,Ahmedabad,Office Supplies,Marker,3,60,10,180,38.61
1471,2025-05-14,2025-05-20,Arjun,Pune,Furniture,Office Chair,7,7000,0,49000,8670.62
1472,2025-12-09,2025-12-16,Arjun,Mumbai,Office Supplies,Stapler,10,250,5,2500,598.08
1473,2025-03-18,2025-03-25,Priya,Pune,Furniture,Desk,8,12000,15,96000,14982.23
1474,2025-03-26,2025-03-27,Aisha,Chennai,Office Supplies,Pen,9,30,15,270,72.02
1475,2025-10-09,2025-10-15,Sahil,Kolkata,Electronics,Monitor,5,12000,5,60000,5464.63
1476,2025-08-18,2025-08-19,Aisha,Ahmedabad,Electronics,Laptop,8,55000,20,440000,78197.48
1477,2025-02-22,2025-02-26,Kavya,Pune,Furniture,Office Chair,8,7000,0,56000,13661.34
1478,2025-11-13,2025-11-19,Pooja,Bengaluru,Office Supplies,Stapler,1,250,20,250,65.42
1479,2025-04-25,2025-05-02,Nikhil,Chennai,Office Supplies,Marker,6,60,0,360,57.58
1480,2025-08-20,2025-08-21,Sneha,Bengaluru,Office Supplies,Stapler,10,250,10,2500,460.22
1481,2025-10-08,2025-10-13,Meera,Mumbai,Electronics,Monitor,6,12000,10,72000,18905.36
1482,2025-02-24,2025-02-27,Karan,Bengaluru,Electronics,Smartphone,8,25000,15,200000,22179.76
1483,2025-06-23,2025-06-24,Kavya,Pune,Electronics,Keyboard,4,1500,5,6000,1083.3
1484,2025-08-23,2025-08-29,Rohan,Ahmedabad,Office Supplies,Stapler,2,250,15,500,124.94
1485,2025-10-27,2025-10-31,Neha,Delhi,Electronics,Mouse,1,900,15,900,181.54
1486,2025-11-07,2025-11-10,Sahil,Kolkata,Office Supplies,Pen,2,30,20,60,9.91
1487,2025-05-31,2025-06-04,Rohan,Delhi,Office Supplies,Pen,5,30,10,150,25.13
1488,2025-11-20,2025-11-22,Karan,Bengaluru,Furniture,Bookshelf,9,9000,20,81000,21817.81
1489,2025-12-30,2026-01-05,Neha,Chennai,Office Supplies,Paper,6,450,5,2700,763.19
1490,2025-10-20,2025-10-26,Kavya,Hyderabad,Office Supplies,Notebook,6,120,20,720,146.67
1491,2025-03-16,2025-03-17,Priya,Bengaluru,Furniture,Office Chair,9,7000,15,63000,6515.68
1492,2025-02-01,2025-02-07,Pooja,Bengaluru,Furniture,Desk,5,12000,5,60000,13820.75
1493,2025-11-12,2025-11-19,Anjali,Kolkata,Office Supplies,Notebook,6,120,0,720,186.54
1494,2025-07-15,2025-07-19,Kavya,Chennai,Electronics,Mouse,5,900,0,4500,1046.01
1495,2025-11-14,2025-11-21,Nikhil,Bengaluru,Office Supplies,Notebook,1,120,5,120,29.23
1496,2025-04-11,2025-04-18,Karan,Hyderabad,Office Supplies,Paper,10,450,20,4500,901.15
1497,2025-09-21,2025-09-22,Sahil,Pune,Furniture,Desk,2,12000,5,24000,2907.24
1498,2025-10-27,2025-11-03,Vikram,Pune,Furniture,Bookshelf,9,9000,5,81000,11188.75
1499,2025-11-02,2025-11-03,Pooja,Ahmedabad,Furniture,Cabinet,3,15000,10,45000,3995.41
1500,2025-09-27,2025-09-29,Neha,Mumbai,Office Supplies,Stapler,6,250,10,1500,144.05
1501,2025-02-17,2025-02-20,Anjali,Bengaluru,Office Supplies,Pen,7,30,15,210,41.89
1502,2025-11-13,2025-11-18,Aisha,Pune,Office Supplies,Paper,6,450,5,2700,430.31
1503,2025-11-15,2025-11-17,Priya,Chennai,Electronics,Printer,6,18000,20,108000,19229.05
1504,2025-01-13,2025-01-18,Meera,Ahmedabad,Furniture,Office Chair,7,7000,10,49000,6686.05
1505,2025-06-14,2025-06-19,Amit,Mumbai,Furniture,Office Chair,5,7000,5,35000,9716.77
1506,2025-04-18,2025-04-24,Karan,Kolkata,Electronics,Mouse,9,900,0,8100,661.06
1507,2025-11-28,2025-12-05,Amit,Delhi,Electronics,Smartphone,9,25000,15,225000,59023.06
1508,2025-01-28,2025-01-30,Vikram,Mumbai,Electronics,Keyboard,6,1500,0,9000,795.01
1509,2025-11-19,2025-11-23,Kavya,Chennai,Office Supplies,Pen,5,30,15,150,25.45
1510,2025-02-02,2025-02-09,Priya,Mumbai,Electronics,Keyboard,2,1500,20,3000,592.99
1511,2025-11-07,2025-11-08,Pooja,Ahmedabad,Furniture,Office Chair,5,7000,10,35000,8859.07
1512,2025-04-23,2025-04-25,Sahil,Hyderabad,Furniture,Cabinet,1,15000,20,15000,2764.16
1513,2025-01-06,2025-01-11,Rohan,Mumbai,Office Supplies,Pen,5,30,10,150,34.35
1514,2025-10-08,2025-10-09,Pooja,Bengaluru,Electronics,Laptop,10,55000,20,550000,116195.24
1515,2025-03-14,2025-03-16,Neha,Bengaluru,Office Supplies,Paper,4,450,20,1800,307.41
1516,2025-01-28,2025-02-04,Nikhil,Mumbai,Office Supplies,Paper,4,450,20,1800,189.39
1517,2025-09-07,2025-09-10,Meera,Delhi,Furniture,Office Chair,5,7000,20,35000,3556.16
1518,2025-04-10,2025-04-13,Aisha,Ahmedabad,Office Supplies,Pen,2,30,0,60,8.56
1519,2025-07-06,2025-07-13,Arjun,Kolkata,Furniture,Bookshelf,10,9000,20,90000,10217.42
1520,2025-12-31,2026-01-06,Kavya,Hyderabad,Electronics,Laptop,6,55000,5,330000,44272.32
1521,2025-08-17,2025-08-20,Pooja,Ahmedabad,Furniture,Desk,6,12000,15,72000,19665.71
1522,2025-05-24,2025-05-31,Rohan,Bengaluru,Office Supplies,Notebook,3,120,0,360,79.93
1523,2025-11-20,2025-11-21,Sahil,Bengaluru,Furniture,Office Chair,2,7000,20,14000,3867.68
1524,2025-08-30,2025-09-05,Rohan,Chennai,Electronics,Mouse,5,900,20,4500,898.03
1525,2025-03-10,2025-03-14,Amit,Kolkata,Furniture,Desk,10,12000,10,120000,28957.19
1526,2025-12-17,2025-12-19,Rohan,Ahmedabad,Furniture,Office Chair,4,7000,20,28000,7463.57
1527,2025-09-05,2025-09-08,Priya,Bengaluru,Electronics,Smartphone,10,25000,5,250000,72179.15
1528,2025-01-22,2025-01-28,Karan,Chennai,Furniture,Desk,2,12000,5,24000,3315.81
1529,2025-11-29,2025-12-02,Sneha,Hyderabad,Furniture,Cabinet,8,15000,0,120000,32872.97
1530,2025-07-12,2025-07-18,Sahil,Chennai,Office Supplies,Paper,10,450,5,4500,898.91
1531,2025-09-22,2025-09-26,Meera,Chennai,Office Supplies,Notebook,9,120,5,1080,146.18
1532,2025-08-14,2025-08-16,Anjali,Mumbai,Furniture,Cabinet,10,15000,5,150000,12217.72
1533,2025-07-05,2025-07-10,Sneha,Bengaluru,Office Supplies,Paper,4,450,5,1800,203.5
1534,2025-09-03,2025-09-05,Neha,Kolkata,Furniture,Bookshelf,2,9000,15,18000,3346.81
1535,2025-03-24,2025-03-26,Priya,Delhi,Electronics,Smartphone,1,25000,20,25000,2703.37
1536,2025-07-27,2025-08-01,Rahul,Hyderabad,Electronics,Smartphone,5,25000,20,125000,35367.29
1537,2025-09-04,2025-09-06,Anjali,Kolkata,Electronics,Smartphone,8,25000,15,200000,42687.14
1538,2025-11-16,2025-11-22,Vikram,Delhi,Office Supplies,Pen,10,30,5,300,78.15
1539,2025-04-28,2025-05-02,Sahil,Delhi,Office Supplies,Paper,8,450,0,3600,760.45
1540,2025-12-17,2025-12-21,Rohan,Mumbai,Electronics,Laptop,4,55000,20,220000,42899.23
1541,2025-09-15,2025-09-22,Sneha,Mumbai,Electronics,Keyboard,10,1500,20,15000,3179.39
1542,2025-12-14,2025-12-20,Kavya,Kolkata,Furniture,Desk,10,12000,0,120000,23837.15
1543,2025-07-15,2025-07-18,Sneha,Kolkata,Furniture,Office Chair,9,7000,15,63000,10985.33
1544,2025-05-26,2025-05-31,Kavya,Hyderabad,Electronics,Monitor,8,12000,0,96000,23854.94
1545,2025-09-24,2025-09-25,Sahil,Bengaluru,Electronics,Laptop,1,55000,0,55000,11393.64
1546,2025-08-07,2025-08-13,Vikram,Hyderabad,Office Supplies,Paper,7,450,5,3150,503.05
1547,2025-12-15,2025-12-19,Karan,Kolkata,Office Supplies,Marker,10,60,10,600,96.27
1548,2025-10-12,2025-10-16,Vikram,Hyderabad,Office Supplies,Stapler,8,250,20,2000,238.64
1549,2025-04-28,2025-05-02,Neha,Mumbai,Office Supplies,Paper,7,450,0,3150,761.9
1550,2025-11-11,2025-11-17,Priya,Delhi,Electronics,Mouse,7,900,20,6300,1593.51
1551,2025-11-04,2025-11-08,Amit,Mumbai,Furniture,Office Chair,2,7000,15,14000,3655.63
1552,2025-07-16,2025-07-20,Pooja,Pune,Furniture,Desk,6,12000,0,72000,7027.83
1553,2025-12-03,2025-12-10,Pooja,Bengaluru,Electronics,Printer,8,18000,5,144000,25426.63
1554,2025-11-11,2025-11-13,Priya,Chennai,Electronics,Mouse,9,900,5,8100,1567.18
1555,2025-05-22,2025-05-29,Sahil,Chennai,Electronics,Printer,1,18000,0,18000,5303.56
1556,2025-01-08,2025-01-14,Amit,Mumbai,Office Supplies,Marker,7,60,20,420,87.75
1557,2025-06-27,2025-07-04,Vikram,Bengaluru,Office Supplies,Paper,9,450,10,4050,1139.27
1558,2025-01-03,2025-01-06,Neha,Kolkata,Office Supplies,Pen,8,30,20,240,68.29
1559,2025-06-24,2025-06-25,Vikram,Hyderabad,Office Supplies,Notebook,9,120,10,1080,103.6
1560,2025-06-23,2025-06-30,Nikhil,Ahmedabad,Office Supplies,Marker,7,60,5,420,85.64
1561,2025-07-15,2025-07-21,Anjali,Bengaluru,Office Supplies,Notebook,8,120,0,960,101.36
1562,2025-12-25,2026-01-01,Vikram,Bengaluru,Furniture,Cabinet,6,15000,0,90000,17426.78
1563,2025-02-08,2025-02-13,Neha,Ahmedabad,Furniture,Office Chair,7,7000,10,49000,11182.46
1564,2025-04-04,2025-04-10,Karan,Ahmedabad,Furniture,Bookshelf,4,9000,10,36000,9962.98
1565,2025-04-16,2025-04-18,Karan,Bengaluru,Office Supplies,Pen,4,30,10,120,29.02
1566,2025-02-10,2025-02-16,Aisha,Pune,Office Supplies,Paper,3,450,0,1350,339.34
1567,2025-09-10,2025-09-15,Vikram,Ahmedabad,Office Supplies,Notebook,8,120,10,960,155.2
1568,2025-03-07,2025-03-08,Kavya,Ahmedabad,Electronics,Mouse,5,900,20,4500,753.9
1569,2025-08-23,2025-08-24,Nikhil,Chennai,Office Supplies,Notebook,9,120,5,1080,168.92
1570,2025-10-25,2025-10-26,Arjun,Chennai,Office Supplies,Notebook,1,120,15,120,27.4
1571,2025-05-18,2025-05-22,Arjun,Chennai,Office Supplies,Paper,3,450,5,1350,270.92
1572,2025-07-06,2025-07-13,Sahil,Hyderabad,Electronics,Keyboard,7,1500,10,10500,1326.33
1573,2025-12-18,2025-12-20,Sneha,Hyderabad,Furniture,Desk,10,12000,20,120000,13062.07
1574,2025-03-16,2025-03-23,Rohan,Ahmedabad,Electronics,Mouse,7,900,5,6300,1690.84
1575,2025-10-01,2025-10-07,Arjun,Ahmedabad,Electronics,Smartphone,7,25000,20,175000,33234.52
1576,2025-07-23,2025-07-24,Neha,Pune,Furniture,Bookshelf,9,9000,0,81000,21778.51
1577,2025-08-19,2025-08-25,Arjun,Hyderabad,Electronics,Monitor,8,12000,0,96000,25399.08
1578,2025-06-26,2025-06-27,Kavya,Mumbai,Furniture,Bookshelf,9,9000,10,81000,16414.5
1579,2025-03-31,2025-04-07,Pooja,Chennai,Furniture,Desk,10,12000,20,120000,24803.61
1580,2025-11-11,2025-11-14,Nikhil,Delhi,Furniture,Cabinet,8,15000,15,120000,33086.3
1581,2025-10-20,2025-10-24,Amit,Mumbai,Electronics,Printer,6,18000,20,108000,18662.36
1582,2025-12-30,2026-01-02,Sahil,Hyderabad,Electronics,Monitor,4,12000,10,48000,7150.37
1583,2025-07-31,2025-08-02,Neha,Pune,Furniture,Bookshelf,10,9000,15,90000,17514.53
1584,2025-04-18,2025-04-20,Sahil,Mumbai,Electronics,Printer,4,18000,0,72000,16246.44
1585,2025-07-23,2025-07-28,Amit,Mumbai,Electronics,Laptop,8,55000,0,440000,88288.39
1586,2025-06-08,2025-06-10,Anjali,Hyderabad,Furniture,Desk,2,12000,15,24000,5377.52
1587,2025-01-15,2025-01-16,Meera,Chennai,Furniture,Desk,3,12000,5,36000,7051.8
1588,2025-08-16,2025-08-18,Neha,Ahmedabad,Furniture,Cabinet,9,15000,20,135000,38565.27
1589,2025-06-08,2025-06-11,Aisha,Bengaluru,Office Supplies,Stapler,7,250,20,1750,341.53
1590,2025-03-21,2025-03-24,Rahul,Pune,Electronics,Keyboard,5,1500,10,7500,1203.54
1591,2025-01-05,2025-01-11,Aisha,Ahmedabad,Office Supplies,Pen,6,30,20,180,25.76
1592,2025-04-29,2025-05-06,Rahul,Chennai,Furniture,Office Chair,7,7000,20,49000,12522.06
1593,2025-03-25,2025-03-31,Sahil,Kolkata,Electronics,Keyboard,9,1500,5,13500,2378.21
1594,2025-09-22,2025-09-29,Vikram,Hyderabad,Electronics,Monitor,2,12000,5,24000,4149.42
1595,2025-04-04,2025-04-06,Pooja,Mumbai,Office Supplies,Stapler,5,250,0,1250,213.55
1596,2025-09-09,2025-09-11,Arjun,Pune,Office Supplies,Marker,10,60,20,600,107.77
1597,2025-05-25,2025-05-28,Rohan,Ahmedabad,Electronics,Laptop,9,55000,0,495000,42010.05
1598,2025-09-10,2025-09-12,Arjun,Kolkata,Office Supplies,Notebook,4,120,0,480,47.92
1599,2025-06-19,2025-06-20,Rohan,Pune,Furniture,Cabinet,6,15000,0,90000,16380.95
1600,2025-04-09,2025-04-16,Vikram,Kolkata,Furniture,Cabinet,2,15000,5,30000,5985.07
1601,2025-05-07,2025-05-13,Priya,Bengaluru,Electronics,Laptop,4,55000,15,220000,36224.22
1602,2025-08-31,2025-09-04,Pooja,Chennai,Furniture,Office Chair,9,7000,5,63000,14270.87
1603,2025-09-24,2025-09-25,Vikram,Ahmedabad,Electronics,Printer,1,18000,20,18000,4389.11
1604,2025-12-08,2025-12-10,Sneha,Bengaluru,Office Supplies,Paper,4,450,0,1800,286.73
1605,2025-10-27,2025-10-28,Sahil,Bengaluru,Office Supplies,Marker,6,60,10,360,29.99
1606,2025-12-19,2025-12-24,Rohan,Chennai,Electronics,Laptop,10,55000,15,550000,138800.5
1607,2025-06-23,2025-06-30,Priya,Pune,Electronics,Smartphone,3,25000,20,75000,14248.67
1608,2025-09-07,2025-09-09,Arjun,Chennai,Furniture,Desk,9,12000,5,108000,27445.24
1609,2025-03-10,2025-03-13,Priya,Ahmedabad,Furniture,Desk,1,12000,10,12000,2779.62
1610,2025-04-08,2025-04-13,Neha,Chennai,Office Supplies,Marker,9,60,15,540,78.21
1611,2025-10-11,2025-10-13,Amit,Delhi,Furniture,Cabinet,5,15000,20,75000,20316.42
1612,2025-01-01,2025-01-08,Sahil,Delhi,Furniture,Bookshelf,5,9000,15,45000,8961.9
1613,2025-06-14,2025-06-20,Amit,Kolkata,Electronics,Mouse,6,900,5,5400,1353.91
1614,2025-11-10,2025-11-13,Arjun,Kolkata,Electronics,Mouse,8,900,5,7200,1788.92
1615,2025-01-23,2025-01-30,Rohan,Delhi,Office Supplies,Paper,2,450,0,900,91.06
1616,2025-01-17,2025-01-22,Sahil,Ahmedabad,Electronics,Smartphone,2,25000,0,50000,9339.07
1617,2025-04-24,2025-04-29,Amit,Pune,Office Supplies,Stapler,10,250,10,2500,340.77
1618,2025-08-28,2025-09-04,Priya,Chennai,Electronics,Printer,8,18000,0,144000,40931.83
1619,2025-11-12,2025-11-15,Priya,Mumbai,Office Supplies,Marker,6,60,0,360,91.7
1620,2025-02-21,2025-02-27,Anjali,Kolkata,Furniture,Office Chair,4,7000,0,28000,8157.21
1621,2025-11-17,2025-11-19,Kavya,Mumbai,Electronics,Smartphone,9,25000,20,225000,50515.39
1622,2025-02-23,2025-02-25,Neha,Kolkata,Office Supplies,Stapler,6,250,15,1500,342.58
1623,2025-08-15,2025-08-18,Arjun,Chennai,Office Supplies,Paper,3,450,20,1350,266.57
1624,2025-11-08,2025-11-10,Karan,Kolkata,Furniture,Cabinet,7,15000,10,105000,27484.18
1625,2025-07-23,2025-07-24,Priya,Hyderabad,Office Supplies,Paper,6,450,15,2700,787.22
1626,2025-01-04,2025-01-07,Anjali,Bengaluru,Office Supplies,Notebook,9,120,10,1080,118.5
1627,2025-10-12,2025-10-17,Rohan,Mumbai,Furniture,Office Chair,5,7000,20,35000,9877.16
1628,2025-07-07,2025-07-12,Anjali,Bengaluru,Electronics,Keyboard,6,1500,10,9000,1029.09
1629,2025-04-22,2025-04-28,Amit,Chennai,Furniture,Bookshelf,2,9000,20,18000,3699.13
1630,2025-02-18,2025-02-23,Pooja,Pune,Furniture,Desk,8,12000,20,96000,25118.89
1631,2025-06-21,2025-06-24,Kavya,Kolkata,Office Supplies,Stapler,7,250,0,1750,170.21
1632,2025-01-28,2025-01-31,Priya,Chennai,Electronics,Smartphone,10,25000,15,250000,71075.92
1633,2025-03-20,2025-03-21,Sahil,Ahmedabad,Office Supplies,Stapler,3,250,5,750,113.93
1634,2025-05-29,2025-06-05,Sahil,Delhi,Office Supplies,Stapler,9,250,15,2250,224.59
1635,2025-10-08,2025-10-12,Vikram,Mumbai,Electronics,Monitor,2,12000,0,24000,4432.51
1636,2025-10-14,2025-10-16,Aisha,Kolkata,Furniture,Cabinet,3,15000,15,45000,11144.13
1637,2025-05-07,2025-05-09,Amit,Hyderabad,Office Supplies,Stapler,4,250,20,1000,203.46
1638,2025-08-05,2025-08-08,Meera,Bengaluru,Furniture,Bookshelf,10,9000,15,90000,8973.97
1639,2025-03-28,2025-03-31,Nikhil,Delhi,Furniture,Bookshelf,10,9000,10,90000,20177.12
1640,2025-03-21,2025-03-28,Amit,Mumbai,Furniture,Office Chair,4,7000,10,28000,3470.06
1641,2025-05-28,2025-05-29,Arjun,Mumbai,Office Supplies,Notebook,4,120,5,480,138.61
1642,2025-10-03,2025-10-05,Karan,Hyderabad,Furniture,Cabinet,8,15000,5,120000,10200.55
1643,2025-12-22,2025-12-28,Rahul,Kolkata,Office Supplies,Marker,10,60,5,600,144.35
1644,2025-05-26,2025-05-28,Vikram,Pune,Office Supplies,Stapler,1,250,0,250,34.05
1645,2025-12-06,2025-12-13,Meera,Mumbai,Furniture,Office Chair,2,7000,10,14000,2317.03
1646,2025-09-18,2025-09-24,Sneha,Chennai,Electronics,Monitor,7,12000,15,84000,10992.0
1647,2025-10-15,2025-10-21,Rahul,Pune,Furniture,Office Chair,3,7000,15,21000,2598.8
1648,2025-03-22,2025-03-23,Meera,Chennai,Electronics,Mouse,5,900,15,4500,690.23
1649,2025-05-22,2025-05-29,Priya,Hyderabad,Furniture,Bookshelf,4,9000,20,36000,10768.28
1650,2025-03-19,2025-03-22,Sahil,Delhi,Furniture,Office Chair,9,7000,5,63000,18194.75
1651,2025-11-17,2025-11-23,Anjali,Kolkata,Electronics,Printer,7,18000,20,126000,24514.3
1652,2025-11-06,2025-11-09,Nikhil,Delhi,Electronics,Mouse,3,900,10,2700,469.32
1653,2025-03-12,2025-03-15,Rohan,Kolkata,Electronics,Printer,3,18000,5,54000,11222.64
1654,2025-02-04,2025-02-09,Sneha,Delhi,Electronics,Printer,10,18000,10,180000,50717.64
1655,2025-07-30,2025-08-02,Nikhil,Hyderabad,Furniture,Desk,1,12000,15,12000,2980.75
1656,2025-11-10,2025-11-15,Vikram,Bengaluru,Electronics,Smartphone,2,25000,0,50000,5447.0
1657,2025-02-10,2025-02-16,Aisha,Delhi,Office Supplies,Pen,4,30,10,120,27.75
1658,2025-04-05,2025-04-12,Sahil,Ahmedabad,Office Supplies,Stapler,8,250,10,2000,473.29
1659,2025-07-29,2025-08-05,Rahul,Hyderabad,Furniture,Desk,3,12000,0,36000,4410.62
1660,2025-04-01,2025-04-05,Aisha,Chennai,Furniture,Desk,4,12000,0,48000,11842.12
1661,2025-11-08,2025-11-14,Sahil,Chennai,Furniture,Desk,7,12000,0,84000,14201.94
1662,2025-01-22,2025-01-24,Sahil,Pune,Furniture,Office Chair,9,7000,15,63000,6555.12
1663,2025-04-08,2025-04-11,Nikhil,Kolkata,Office Supplies,Marker,9,60,0,540,134.1
1664,2025-11-10,2025-11-11,Rohan,Ahmedabad,Furniture,Bookshelf,8,9000,10,72000,8397.15
1665,2025-04-03,2025-04-10,Rohan,Kolkata,Office Supplies,Marker,2,60,0,120,28.68
1666,2025-10-30,2025-11-05,Karan,Ahmedabad,Furniture,Bookshelf,8,9000,15,72000,6154.61
1667,2025-03-05,2025-03-06,Sneha,Ahmedabad,Electronics,Monitor,6,12000,5,72000,16716.8
1668,2025-09-19,2025-09-24,Neha,Kolkata,Office Supplies,Paper,2,450,15,900,175.72
1669,2025-10-17,2025-10-24,Rohan,Delhi,Office Supplies,Marker,1,60,10,60,14.94
1670,2025-08-17,2025-08-20,Neha,Mumbai,Electronics,Smartphone,1,25000,10,25000,4307.7
1671,2025-01-07,2025-01-11,Aisha,Ahmedabad,Electronics,Smartphone,1,25000,10,25000,5424.08
1672,2025-04-22,2025-04-27,Aisha,Ahmedabad,Office Supplies,Notebook,10,120,5,1200,329.03
1673,2025-05-06,2025-05-11,Vikram,Bengaluru,Furniture,Cabinet,2,15000,0,30000,6368.03
1674,2025-01-19,2025-01-21,Priya,Hyderabad,Electronics,Smartphone,3,25000,10,75000,6908.55
1675,2025-03-24,2025-03-30,Pooja,Delhi,Furniture,Office Chair,1,7000,5,7000,727.69
1676,2025-06-15,2025-06-18,Sahil,Mumbai,Furniture,Bookshelf,1,9000,10,9000,904.39
1677,2025-12-22,2025-12-29,Vikram,Chennai,Furniture,Office Chair,5,7000,0,35000,6425.29
1678,2025-11-10,2025-11-11,Sneha,Mumbai,Office Supplies,Marker,9,60,5,540,68.13
1679,2025-05-13,2025-05-18,Meera,Delhi,Furniture,Bookshelf,7,9000,10,63000,13478.59
1680,2025-09-10,2025-09-17,Neha,Bengaluru,Office Supplies,Stapler,8,250,15,2000,388.67
1681,2025-08-27,2025-09-02,Sneha,Bengaluru,Office Supplies,Paper,4,450,0,1800,144.63
1682,2025-10-14,2025-10-21,Karan,Pune,Office Supplies,Marker,7,60,10,420,37.8
1683,2025-06-07,2025-06-10,Arjun,Pune,Office Supplies,Pen,5,30,0,150,20.4
1684,2025-11-12,2025-11-13,Neha,Bengaluru,Electronics,Printer,6,18000,20,108000,16750.75
1685,2025-11-27,2025-11-29,Aisha,Delhi,Furniture,Bookshelf,8,9000,0,72000,20272.02
1686,2025-07-31,2025-08-06,Priya,Hyderabad,Office Supplies,Marker,9,60,15,540,149.64
1687,2025-10-23,2025-10-29,Arjun,Chennai,Office Supplies,Paper,9,450,5,4050,801.47
1688,2025-07-12,2025-07-18,Neha,Kolkata,Electronics,Smartphone,5,25000,10,125000,33120.33
1689,2025-12-28,2026-01-04,Arjun,Pune,Electronics,Mouse,2,900,10,1800,486.38
1690,2025-07-10,2025-07-14,Pooja,Bengaluru,Furniture,Cabinet,2,15000,5,30000,5680.56
1691,2025-04-14,2025-04-15,Nikhil,Pune,Office Supplies,Paper,3,450,0,1350,141.33
1692,2025-09-26,2025-09-29,Arjun,Delhi,Furniture,Desk,4,12000,15,48000,7431.62
1693,2025-08-24,2025-08-28,Sneha,Pune,Electronics,Mouse,3,900,0,2700,337.88
1694,2025-08-28,2025-08-29,Sneha,Hyderabad,Furniture,Office Chair,10,7000,10,70000,19026.88
1695,2025-06-14,2025-06-16,Karan,Hyderabad,Electronics,Mouse,5,900,5,4500,992.46
1696,2025-03-18,2025-03-20,Vikram,Mumbai,Furniture,Bookshelf,8,9000,10,72000,16390.6
1697,2025-10-05,2025-10-08,Arjun,Hyderabad,Electronics,Mouse,9,900,5,8100,1564.06
1698,2025-02-06,2025-02-09,Arjun,Ahmedabad,Electronics,Printer,5,18000,5,90000,18566.84
1699,2025-02-24,2025-02-28,Priya,Mumbai,Electronics,Smartphone,1,25000,0,25000,4589.05
1700,2025-11-19,2025-11-26,Nikhil,Chennai,Furniture,Cabinet,3,15000,20,45000,10576.31
1701,2025-02-10,2025-02-17,Nikhil,Delhi,Furniture,Bookshelf,4,9000,20,36000,8526.16
1702,2025-12-17,2025-12-23,Nikhil,Ahmedabad,Electronics,Printer,8,18000,10,144000,14601.29
1703,2025-05-13,2025-05-16,Sahil,Delhi,Electronics,Smartphone,3,25000,20,75000,20208.09
1704,2025-02-03,2025-02-07,Sneha,Chennai,Office Supplies,Paper,6,450,0,2700,485.25
1705,2025-11-06,2025-11-11,Rohan,Mumbai,Furniture,Cabinet,3,15000,10,45000,6394.35
1706,2025-06-04,2025-06-09,Nikhil,Kolkata,Furniture,Office Chair,6,7000,0,42000,8498.82
1707,2025-03-23,2025-03-27,Sahil,Mumbai,Office Supplies,Marker,4,60,20,240,51.98
1708,2025-10-18,2025-10-25,Arjun,Bengaluru,Furniture,Desk,10,12000,15,120000,20982.32
1709,2025-09-07,2025-09-08,Nikhil,Chennai,Electronics,Printer,2,18000,20,36000,8735.79
1710,2025-02-05,2025-02-10,Sneha,Kolkata,Office Supplies,Notebook,8,120,15,960,114.01
1711,2025-10-25,2025-11-01,Rahul,Delhi,Furniture,Cabinet,1,15000,5,15000,1498.76
1712,2025-11-12,2025-11-17,Nikhil,Bengaluru,Office Supplies,Pen,8,30,15,240,47.25
1713,2025-08-11,2025-08-17,Meera,Mumbai,Electronics,Printer,6,18000,10,108000,15761.71
1714,2025-03-07,2025-03-14,Pooja,Pune,Office Supplies,Notebook,10,120,15,1200,356.42
1715,2025-02-26,2025-03-05,Pooja,Pune,Furniture,Office Chair,1,7000,10,7000,1643.17
1716,2025-12-31,2026-01-04,Sahil,Kolkata,Electronics,Keyboard,10,1500,10,15000,2501.09
1717,2025-10-12,2025-10-16,Meera,Kolkata,Furniture,Desk,3,12000,5,36000,6640.98
1718,2025-11-28,2025-11-29,Rohan,Ahmedabad,Electronics,Monitor,3,12000,0,36000,3943.48
1719,2025-08-22,2025-08-29,Kavya,Delhi,Office Supplies,Marker,3,60,15,180,17.75
1720,2025-07-01,2025-07-03,Neha,Kolkata,Furniture,Cabinet,9,15000,15,135000,35156.12
1721,2025-12-31,2026-01-05,Vikram,Kolkata,Office Supplies,Notebook,10,120,5,1200,227.51
1722,2025-10-18,2025-10-22,Meera,Mumbai,Office Supplies,Stapler,6,250,0,1500,131.04
1723,2025-05-24,2025-05-28,Amit,Mumbai,Office Supplies,Marker,2,60,20,120,13.35
1724,2025-10-24,2025-10-27,Priya,Chennai,Electronics,Keyboard,2,1500,20,3000,691.49
1725,2025-10-21,2025-10-27,Arjun,Kolkata,Office Supplies,Notebook,8,120,15,960,172.69
1726,2025-06-05,2025-06-11,Vikram,Pune,Furniture,Bookshelf,5,9000,20,45000,5258.33
1727,2025-12-03,2025-12-06,Rahul,Hyderabad,Office Supplies,Marker,10,60,0,600,70.32
1728,2025-05-10,2025-05-12,Vikram,Hyderabad,Furniture,Office Chair,3,7000,10,21000,4015.85
1729,2025-03-19,2025-03-25,Nikhil,Chennai,Furniture,Office Chair,2,7000,20,14000,2979.77
1730,2025-01-17,2025-01-20,Amit,Delhi,Electronics,Monitor,4,12000,20,48000,8960.74
1731,2025-07-16,2025-07-18,Nikhil,Delhi,Office Supplies,Pen,8,30,15,240,58.95
1732,2025-03-01,2025-03-02,Neha,Ahmedabad,Electronics,Mouse,6,900,10,5400,496.54
1733,2025-04-30,2025-05-04,Sahil,Ahmedabad,Furniture,Cabinet,5,15000,20,75000,13858.39
1734,2025-05-28,2025-06-04,Nikhil,Kolkata,Furniture,Desk,9,12000,0,108000,29317.8
1735,2025-02-19,2025-02-24,Meera,Kolkata,Office Supplies,Paper,9,450,0,4050,932.44
1736,2025-05-11,2025-05-17,Sahil,Ahmedabad,Office Supplies,Paper,6,450,0,2700,376.57
1737,2025-06-22,2025-06-28,Neha,Chennai,Office Supplies,Pen,10,30,20,300,74.85
1738,2025-07-30,2025-07-31,Sneha,Ahmedabad,Office Supplies,Notebook,1,120,0,120,31.56
1739,2025-01-13,2025-01-18,Amit,Pune,Furniture,Desk,5,12000,0,60000,8125.03
1740,2025-02-14,2025-02-21,Rohan,Kolkata,Office Supplies,Pen,10,30,0,300,66.11
1741,2025-05-10,2025-05-13,Nikhil,Mumbai,Office Supplies,Stapler,3,250,5,750,207.84
1742,2025-05-12,2025-05-14,Amit,Hyderabad,Office Supplies,Marker,5,60,10,300,74.78
1743,2025-05-13,2025-05-20,Vikram,Delhi,Electronics,Keyboard,7,1500,0,10500,1608.43
1744,2025-11-09,2025-11-13,Neha,Ahmedabad,Furniture,Office Chair,8,7000,5,56000,16546.48
1745,2025-11-11,2025-11-17,Sneha,Ahmedabad,Electronics,Smartphone,9,25000,5,225000,56051.01
1746,2025-10-20,2025-10-26,Vikram,Ahmedabad,Office Supplies,Paper,2,450,0,900,78.9
1747,2025-01-20,2025-01-26,Sahil,Hyderabad,Electronics,Keyboard,3,1500,0,4500,1006.34
1748,2025-01-02,2025-01-07,Aisha,Ahmedabad,Electronics,Printer,6,18000,20,108000,30133.71
1749,2025-07-16,2025-07-22,Aisha,Mumbai,Furniture,Cabinet,2,15000,0,30000,5964.85
1750,2025-07-25,2025-07-26,Amit,Chennai,Office Supplies,Stapler,6,250,10,1500,230.04
1751,2025-11-28,2025-11-30,Neha,Pune,Office Supplies,Paper,2,450,10,900,238.55
1752,2025-11-19,2025-11-25,Meera,Ahmedabad,Furniture,Desk,5,12000,0,60000,13985.65
1753,2025-01-19,2025-01-21,Rahul,Bengaluru,Electronics,Printer,8,18000,5,144000,34815.07
1754,2025-09-13,2025-09-18,Nikhil,Pune,Furniture,Cabinet,2,15000,10,30000,7632.08
1755,2025-07-27,2025-07-28,Karan,Ahmedabad,Electronics,Monitor,1,12000,0,12000,1851.58
1756,2025-02-06,2025-02-07,Rohan,Ahmedabad,Office Supplies,Stapler,3,250,5,750,182.27
1757,2025-01-24,2025-01-26,Rohan,Pune,Office Supplies,Notebook,8,120,20,960,268.4
1758,2025-08-22,2025-08-27,Neha,Mumbai,Electronics,Printer,1,18000,0,18000,5022.46
1759,2025-04-23,2025-04-24,Karan,Kolkata,Electronics,Laptop,8,55000,20,440000,92793.81
1760,2025-10-07,2025-10-09,Arjun,Bengaluru,Furniture,Cabinet,6,15000,20,90000,9591.89
1761,2025-05-21,2025-05-23,Kavya,Delhi,Electronics,Mouse,3,900,0,2700,415.29
1762,2025-10-25,2025-10-26,Rohan,Mumbai,Office Supplies,Paper,9,450,5,4050,471.02
1763,2025-09-07,2025-09-08,Rahul,Pune,Office Supplies,Stapler,7,250,0,1750,439.4
1764,2025-12-22,2025-12-29,Aisha,Delhi,Electronics,Laptop,10,55000,15,550000,151316.73
1765,2025-05-03,2025-05-05,Priya,Delhi,Electronics,Smartphone,5,25000,15,125000,24384.89
1766,2025-06-28,2025-07-02,Rahul,Bengaluru,Office Supplies,Marker,10,60,10,600,173.44
1767,2025-07-05,2025-07-12,Anjali,Ahmedabad,Electronics,Laptop,9,55000,20,495000,145972.59
1768,2025-03-18,2025-03-24,Aisha,Ahmedabad,Office Supplies,Pen,5,30,0,150,13.75
1769,2025-05-26,2025-05-28,Kavya,Hyderabad,Electronics,Smartphone,1,25000,10,25000,2297.15
1770,2025-10-03,2025-10-05,Neha,Pune,Furniture,Cabinet,1,15000,0,15000,1544.59
1771,2025-10-31,2025-11-05,Arjun,Kolkata,Furniture,Office Chair,2,7000,15,14000,3876.84
1772,2025-06-16,2025-06-18,Sneha,Bengaluru,Electronics,Printer,6,18000,0,108000,14106.3
1773,2025-02-07,2025-02-11,Aisha,Pune,Office Supplies,Marker,4,60,5,240,39.03
1774,2025-04-02,2025-04-06,Meera,Delhi,Furniture,Desk,4,12000,15,48000,13638.49
1775,2025-06-21,2025-06-23,Priya,Pune,Furniture,Desk,6,12000,5,72000,21212.81
1776,2025-08-03,2025-08-05,Arjun,Bengaluru,Furniture,Desk,2,12000,15,24000,6416.72
1777,2025-10-11,2025-10-18,Anjali,Mumbai,Furniture,Desk,10,12000,20,120000,33507.26
1778,2025-05-23,2025-05-24,Kavya,Bengaluru,Furniture,Cabinet,4,15000,15,60000,12608.87
1779,2025-03-18,2025-03-23,Rahul,Kolkata,Electronics,Monitor,7,12000,20,84000,17428.55
1780,2025-01-18,2025-01-22,Sahil,Ahmedabad,Electronics,Laptop,8,55000,20,440000,106200.51
1781,2025-10-13,2025-10-20,Rahul,Kolkata,Office Supplies,Notebook,8,120,0,960,181.4
1782,2025-01-09,2025-01-13,Pooja,Delhi,Electronics,Smartphone,6,25000,0,150000,21761.08
1783,2025-08-21,2025-08-25,Rohan,Kolkata,Office Supplies,Marker,10,60,0,600,146.64
1784,2025-11-18,2025-11-19,Sahil,Chennai,Electronics,Monitor,8,12000,0,96000,22546.41
1785,2025-12-24,2025-12-29,Karan,Mumbai,Office Supplies,Notebook,5,120,10,600,104.22
1786,2025-01-27,2025-01-28,Sahil,Chennai,Office Supplies,Paper,1,450,10,450,86.96
1787,2025-12-27,2025-12-28,Karan,Delhi,Furniture,Office Chair,6,7000,20,42000,6745.84
1788,2025-10-25,2025-11-01,Karan,Bengaluru,Furniture,Desk,9,12000,15,108000,11338.13
1789,2025-05-22,2025-05-23,Amit,Chennai,Furniture,Bookshelf,5,9000,15,45000,8585.3
1790,2025-08-29,2025-09-04,Pooja,Ahmedabad,Furniture,Cabinet,8,15000,0,120000,22838.28
1791,2025-02-14,2025-02-15,Sahil,Delhi,Office Supplies,Paper,2,450,15,900,109.29
1792,2025-12-23,2025-12-25,Aisha,Delhi,Furniture,Office Chair,2,7000,0,14000,1627.48
1793,2025-03-09,2025-03-13,Meera,Kolkata,Electronics,Mouse,1,900,20,900,130.05
1794,2025-04-29,2025-05-06,Arjun,Kolkata,Furniture,Office Chair,5,7000,0,35000,4255.77
1795,2025-10-08,2025-10-12,Nikhil,Hyderabad,Office Supplies,Paper,6,450,20,2700,504.77
1796,2025-04-27,2025-05-01,Meera,Hyderabad,Office Supplies,Pen,5,30,10,150,17.67
1797,2025-11-13,2025-11-15,Pooja,Delhi,Electronics,Smartphone,6,25000,5,150000,21384.61
1798,2025-01-22,2025-01-25,Rohan,Ahmedabad,Electronics,Printer,3,18000,0,54000,6235.71
1799,2025-12-07,2025-12-10,Meera,Delhi,Furniture,Bookshelf,3,9000,0,27000,3378.62
1800,2025-06-04,2025-06-05,Rahul,Kolkata,Furniture,Cabinet,9,15000,20,135000,39771.33
1801,2025-01-03,2025-01-09,Arjun,Hyderabad,Furniture,Desk,8,12000,5,96000,27275.37
1802,2025-08-15,2025-08-18,Sneha,Ahmedabad,Furniture,Bookshelf,10,9000,20,90000,20404.38
1803,2025-07-25,2025-07-30,Anjali,Ahmedabad,Electronics,Smartphone,9,25000,0,225000,23785.37
1804,2025-10-26,2025-10-31,Anjali,Hyderabad,Furniture,Office Chair,6,7000,5,42000,3868.51
1805,2025-12-13,2025-12-19,Amit,Kolkata,Electronics,Laptop,2,55000,15,110000,21829.58
1806,2025-01-29,2025-02-04,Meera,Kolkata,Electronics,Keyboard,6,1500,20,9000,1914.28
1807,2025-01-07,2025-01-10,Meera,Chennai,Electronics,Printer,7,18000,10,126000,20326.14
1808,2025-08-01,2025-08-08,Nikhil,Hyderabad,Furniture,Cabinet,9,15000,15,135000,13401.68
1809,2025-03-13,2025-03-20,Amit,Delhi,Electronics,Printer,7,18000,15,126000,30276.94
1810,2025-06-21,2025-06-22,Sahil,Mumbai,Electronics,Monitor,8,12000,20,96000,28554.64
1811,2025-08-25,2025-08-31,Rohan,Bengaluru,Electronics,Keyboard,5,1500,20,7500,1283.95
1812,2025-06-04,2025-06-11,Pooja,Ahmedabad,Electronics,Keyboard,5,1500,0,7500,1513.88
1813,2025-03-20,2025-03-23,Pooja,Ahmedabad,Office Supplies,Marker,4,60,0,240,20.62
1814,2025-12-19,2025-12-25,Anjali,Pune,Electronics,Printer,5,18000,15,90000,15459.7
1815,2025-11-03,2025-11-09,Meera,Ahmedabad,Electronics,Monitor,8,12000,0,96000,28680.31
1816,2025-12-22,2025-12-29,Sneha,Chennai,Office Supplies,Marker,5,60,15,300,65.45
1817,2025-10-25,2025-10-26,Rohan,Chennai,Office Supplies,Stapler,1,250,5,250,66.49
1818,2025-07-04,2025-07-08,Meera,Pune,Furniture,Desk,6,12000,10,72000,8346.81
1819,2025-09-21,2025-09-23,Neha,Mumbai,Furniture,Bookshelf,9,9000,0,81000,17866.03
1820,2025-12-17,2025-12-24,Pooja,Hyderabad,Office Supplies,Pen,9,30,10,270,40.76
1821,2025-03-15,2025-03-16,Rohan,Hyderabad,Office Supplies,Paper,2,450,10,900,177.82
1822,2025-02-22,2025-02-24,Rohan,Bengaluru,Furniture,Cabinet,7,15000,5,105000,16261.23
1823,2025-09-30,2025-10-06,Sneha,Kolkata,Electronics,Mouse,10,900,20,9000,2085.51
1824,2025-09-03,2025-09-06,Pooja,Chennai,Furniture,Office Chair,2,7000,0,14000,3642.04
1825,2025-03-30,2025-04-05,Pooja,Pune,Electronics,Keyboard,10,1500,10,15000,2926.3
1826,2025-12-19,2025-12-21,Pooja,Delhi,Office Supplies,Notebook,4,120,5,480,51.99
1827,2025-02-09,2025-02-10,Aisha,Kolkata,Electronics,Smartphone,2,25000,0,50000,8672.86
1828,2025-10-31,2025-11-01,Aisha,Mumbai,Electronics,Smartphone,2,25000,20,50000,4360.72
1829,2025-02-19,2025-02-26,Sneha,Bengaluru,Furniture,Office Chair,2,7000,0,14000,2049.07
1830,2025-02-16,2025-02-18,Vikram,Chennai,Office Supplies,Pen,3,30,0,90,20.48
1831,2025-05-04,2025-05-09,Amit,Mumbai,Furniture,Desk,9,12000,20,108000,27191.86
1832,2025-05-25,2025-05-27,Rahul,Mumbai,Office Supplies,Notebook,9,120,5,1080,137.96
1833,2025-04-05,2025-04-09,Sneha,Delhi,Electronics,Mouse,8,900,20,7200,1156.48
1834,2025-07-28,2025-07-29,Arjun,Mumbai,Furniture,Cabinet,7,15000,5,105000,13349.73
1835,2025-12-27,2025-12-30,Priya,Mumbai,Furniture,Office Chair,9,7000,10,63000,6923.75
1836,2025-11-04,2025-11-10,Pooja,Ahmedabad,Furniture,Cabinet,2,15000,15,30000,4939.56
1837,2025-04-07,2025-04-14,Amit,Ahmedabad,Electronics,Mouse,7,900,15,6300,906.76
1838,2025-12-11,2025-12-12,Sahil,Ahmedabad,Office Supplies,Paper,3,450,15,1350,111.8
1839,2025-12-22,2025-12-27,Sneha,Delhi,Office Supplies,Notebook,2,120,15,240,26.77
1840,2025-07-26,2025-07-27,Anjali,Kolkata,Electronics,Monitor,4,12000,20,48000,7415.95
1841,2025-10-31,2025-11-03,Sahil,Chennai,Office Supplies,Marker,5,60,20,300,74.48
1842,2025-08-21,2025-08-22,Sneha,Hyderabad,Furniture,Cabinet,8,15000,5,120000,23101.34
1843,2025-01-16,2025-01-17,Priya,Mumbai,Furniture,Cabinet,4,15000,5,60000,13094.5
1844,2025-03-20,2025-03-23,Sneha,Mumbai,Furniture,Office Chair,3,7000,10,21000,3447.76
1845,2025-05-31,2025-06-06,Aisha,Ahmedabad,Office Supplies,Stapler,8,250,5,2000,508.8
1846,2025-10-07,2025-10-08,Priya,Kolkata,Office Supplies,Paper,9,450,20,4050,630.16
1847,2025-08-15,2025-08-19,Priya,Pune,Electronics,Keyboard,8,1500,15,12000,1790.44
1848,2025-09-09,2025-09-13,Rohan,Hyderabad,Electronics,Mouse,5,900,5,4500,1235.85
1849,2025-12-12,2025-12-16,Aisha,Ahmedabad,Office Supplies,Marker,8,60,20,480,119.08
1850,2025-09-11,2025-09-16,Sahil,Chennai,Office Supplies,Pen,9,30,10,270,24.91
1851,2025-03-07,2025-03-14,Meera,Chennai,Furniture,Bookshelf,1,9000,0,9000,775.73
1852,2025-07-14,2025-07-15,Kavya,Chennai,Office Supplies,Stapler,1,250,10,250,62.09
1853,2025-05-07,2025-05-09,Pooja,Mumbai,Furniture,Cabinet,6,15000,5,90000,8317.7
1854,2025-01-11,2025-01-16,Arjun,Pune,Office Supplies,Notebook,5,120,5,600,63.11
1855,2025-05-17,2025-05-18,Aisha,Pune,Furniture,Cabinet,10,15000,15,150000,28987.07
1856,2025-02-20,2025-02-27,Aisha,Mumbai,Furniture,Cabinet,10,15000,20,150000,24879.93
1857,2025-03-27,2025-04-01,Pooja,Chennai,Office Supplies,Pen,6,30,10,180,34.07
1858,2025-10-02,2025-10-04,Pooja,Hyderabad,Furniture,Desk,8,12000,0,96000,21100.58
1859,2025-11-16,2025-11-22,Amit,Mumbai,Electronics,Monitor,10,12000,5,120000,20213.52
1860,2025-09-01,2025-09-05,Karan,Chennai,Office Supplies,Paper,5,450,20,2250,213.3
1861,2025-08-10,2025-08-16,Arjun,Bengaluru,Electronics,Printer,5,18000,10,90000,17191.86
1862,2025-12-10,2025-12-17,Neha,Pune,Furniture,Cabinet,5,15000,15,75000,16311.9
1863,2025-12-05,2025-12-12,Nikhil,Hyderabad,Office Supplies,Stapler,3,250,5,750,155.18
1864,2025-10-17,2025-10-23,Priya,Bengaluru,Office Supplies,Stapler,10,250,15,2500,669.03
1865,2025-08-11,2025-08-15,Arjun,Mumbai,Furniture,Cabinet,3,15000,10,45000,5979.7
1866,2025-11-27,2025-11-29,Vikram,Bengaluru,Office Supplies,Pen,7,30,10,210,29.13
1867,2025-05-06,2025-05-13,Pooja,Ahmedabad,Furniture,Desk,2,12000,0,24000,2711.8
1868,2025-04-14,2025-04-16,Vikram,Delhi,Furniture,Cabinet,7,15000,0,105000,23343.9
1869,2025-11-26,2025-12-03,Priya,Ahmedabad,Electronics,Monitor,5,12000,5,60000,13494.45
1870,2025-02-02,2025-02-06,Meera,Mumbai,Electronics,Laptop,2,55000,10,110000,16396.5
1871,2025-03-03,2025-03-08,Vikram,Ahmedabad,Furniture,Desk,4,12000,20,48000,5022.01
1872,2025-06-18,2025-06-25,Sahil,Bengaluru,Electronics,Smartphone,10,25000,10,250000,26725.23
1873,2025-05-21,2025-05-25,Kavya,Hyderabad,Furniture,Desk,3,12000,5,36000,3725.97
1874,2025-06-12,2025-06-17,Kavya,Ahmedabad,Office Supplies,Notebook,8,120,0,960,189.47
1875,2025-07-05,2025-07-09,Meera,Hyderabad,Office Supplies,Pen,5,30,5,150,41.02
1876,2025-12-20,2025-12-27,Anjali,Hyderabad,Electronics,Printer,10,18000,0,180000,15778.45
1877,2025-12-17,2025-12-18,Anjali,Ahmedabad,Office Supplies,Marker,5,60,10,300,66.17
1878,2025-06-04,2025-06-05,Anjali,Hyderabad,Furniture,Office Chair,7,7000,10,49000,13918.53
1879,2025-01-18,2025-01-21,Amit,Ahmedabad,Electronics,Smartphone,8,25000,15,200000,43779.52
1880,2025-03-24,2025-03-30,Vikram,Mumbai,Furniture,Cabinet,6,15000,0,90000,21404.24
1881,2025-06-17,2025-06-21,Rahul,Pune,Furniture,Cabinet,10,15000,20,150000,36064.64
1882,2025-01-02,2025-01-06,Karan,Hyderabad,Office Supplies,Pen,8,30,5,240,60.97
1883,2025-11-29,2025-12-06,Rohan,Kolkata,Furniture,Office Chair,2,7000,20,14000,1606.09
1884,2025-05-14,2025-05-16,Arjun,Hyderabad,Furniture,Cabinet,8,15000,5,120000,32660.55
1885,2025-07-13,2025-07-20,Anjali,Pune,Electronics,Laptop,7,55000,15,385000,61935.68
1886,2025-08-25,2025-08-27,Vikram,Delhi,Electronics,Mouse,10,900,0,9000,1960.72
1887,2025-03-18,2025-03-19,Meera,Delhi,Electronics,Keyboard,10,1500,10,15000,2615.38
1888,2025-08-21,2025-08-28,Aisha,Mumbai,Office Supplies,Notebook,1,120,15,120,28.57
1889,2025-05-28,2025-06-03,Aisha,Kolkata,Electronics,Printer,4,18000,10,72000,8778.22
1890,2025-12-13,2025-12-15,Kavya,Delhi,Electronics,Keyboard,4,1500,10,6000,1272.11
1891,2025-05-01,2025-05-06,Nikhil,Bengaluru,Furniture,Desk,1,12000,10,12000,1726.11
1892,2025-06-15,2025-06-21,Sahil,Bengaluru,Furniture,Cabinet,2,15000,5,30000,2468.11
1893,2025-02-07,2025-02-08,Priya,Pune,Office Supplies,Marker,7,60,10,420,101.62
1894,2025-12-10,2025-12-17,Priya,Pune,Furniture,Desk,8,12000,20,96000,26861.74
1895,2025-03-09,2025-03-14,Priya,Delhi,Furniture,Cabinet,5,15000,10,75000,22129.14
1896,2025-08-28,2025-08-30,Amit,Chennai,Furniture,Desk,9,12000,10,108000,20349.87
1897,2025-06-10,2025-06-11,Rohan,Ahmedabad,Office Supplies,Stapler,7,250,0,1750,194.59
1898,2025-11-10,2025-11-17,Vikram,Chennai,Furniture,Bookshelf,7,9000,10,63000,8961.35
1899,2025-03-19,2025-03-24,Nikhil,Pune,Furniture,Desk,6,12000,15,72000,17432.01
1900,2025-08-29,2025-09-01,Neha,Ahmedabad,Electronics,Smartphone,1,25000,0,25000,3264.23
1901,2025-12-30,2026-01-04,Aisha,Ahmedabad,Furniture,Office Chair,8,7000,10,56000,4982.55
1902,2025-04-15,2025-04-22,Pooja,Delhi,Furniture,Office Chair,3,7000,0,21000,2251.28
1903,2025-12-06,2025-12-11,Karan,Pune,Electronics,Printer,9,18000,20,162000,42276.46
1904,2025-05-07,2025-05-14,Aisha,Mumbai,Office Supplies,Stapler,3,250,0,750,128.71
1905,2025-07-21,2025-07-24,Sneha,Chennai,Furniture,Office Chair,5,7000,0,35000,8046.11
1906,2025-08-21,2025-08-27,Vikram,Pune,Electronics,Laptop,2,55000,15,110000,19937.64
1907,2025-10-19,2025-10-21,Karan,Pune,Furniture,Office Chair,10,7000,10,70000,20243.8
1908,2025-10-08,2025-10-13,Sahil,Mumbai,Office Supplies,Paper,6,450,0,2700,690.1
1909,2025-02-15,2025-02-16,Karan,Delhi,Furniture,Bookshelf,3,9000,15,27000,3586.08
1910,2025-03-03,2025-03-06,Aisha,Kolkata,Furniture,Cabinet,5,15000,5,75000,16678.27
1911,2025-07-08,2025-07-13,Karan,Ahmedabad,Office Supplies,Paper,10,450,0,4500,489.97
1912,2025-08-05,2025-08-06,Kavya,Chennai,Furniture,Cabinet,8,15000,20,120000,16687.86
1913,2025-01-21,2025-01-26,Arjun,Ahmedabad,Office Supplies,Pen,7,30,0,210,45.94
1914,2025-11-19,2025-11-25,Amit,Hyderabad,Office Supplies,Pen,3,30,20,90,25.63
1915,2025-06-03,2025-06-05,Rohan,Hyderabad,Furniture,Cabinet,2,15000,15,30000,8387.57
1916,2025-10-10,2025-10-11,Priya,Mumbai,Electronics,Mouse,7,900,0,6300,913.54
1917,2025-05-10,2025-05-13,Vikram,Mumbai,Office Supplies,Marker,7,60,20,420,42.33
1918,2025-04-02,2025-04-09,Neha,Kolkata,Office Supplies,Notebook,2,120,15,240,58.3
1919,2025-06-10,2025-06-15,Nikhil,Ahmedabad,Electronics,Laptop,7,55000,10,385000,105061.18
1920,2025-04-19,2025-04-21,Amit,Hyderabad,Office Supplies,Paper,6,450,5,2700,790.23
1921,2025-07-22,2025-07-23,Rahul,Delhi,Office Supplies,Notebook,7,120,0,840,165.95
1922,2025-09-07,2025-09-10,Meera,Kolkata,Office Supplies,Marker,8,60,20,480,111.45
1923,2025-02-27,2025-03-06,Rahul,Bengaluru,Furniture,Office Chair,3,7000,5,21000,2304.23
1924,2025-08-12,2025-08-19,Karan,Mumbai,Electronics,Smartphone,8,25000,5,200000,44539.42
1925,2025-03-01,2025-03-03,Rohan,Ahmedabad,Furniture,Cabinet,3,15000,0,45000,8292.49
1926,2025-05-05,2025-05-07,Pooja,Kolkata,Furniture,Cabinet,1,15000,20,15000,4037.33
1927,2025-08-01,2025-08-08,Aisha,Hyderabad,Electronics,Monitor,1,12000,15,12000,1231.03
1928,2025-11-10,2025-11-16,Aisha,Bengaluru,Electronics,Keyboard,7,1500,20,10500,1962.89
1929,2025-06-11,2025-06-16,Amit,Hyderabad,Office Supplies,Notebook,9,120,20,1080,90.92
1930,2025-11-27,2025-11-30,Nikhil,Kolkata,Office Supplies,Marker,8,60,20,480,50.75
1931,2025-06-26,2025-06-30,Anjali,Bengaluru,Electronics,Smartphone,5,25000,15,125000,29970.75
1932,2025-03-09,2025-03-12,Sahil,Kolkata,Office Supplies,Paper,10,450,15,4500,1204.92
1933,2025-11-15,2025-11-17,Pooja,Mumbai,Office Supplies,Paper,8,450,5,3600,921.41
1934,2025-11-07,2025-11-11,Sneha,Kolkata,Office Supplies,Marker,3,60,5,180,21.26
1935,2025-01-10,2025-01-13,Vikram,Chennai,Furniture,Bookshelf,4,9000,0,36000,4538.71
1936,2025-01-17,2025-01-24,Amit,Chennai,Office Supplies,Pen,3,30,20,90,23.59
1937,2025-04-25,2025-04-29,Vikram,Chennai,Furniture,Office Chair,10,7000,20,70000,9091.03
1938,2025-12-20,2025-12-27,Sneha,Pune,Furniture,Office Chair,9,7000,5,63000,8747.43
1939,2025-11-09,2025-11-16,Sneha,Pune,Furniture,Cabinet,2,15000,20,30000,8832.75
1940,2025-07-05,2025-07-07,Pooja,Ahmedabad,Office Supplies,Notebook,3,120,5,360,78.69
1941,2025-06-21,2025-06-28,Rohan,Mumbai,Office Supplies,Marker,2,60,10,120,13.67
1942,2025-05-06,2025-05-13,Aisha,Chennai,Electronics,Keyboard,7,1500,0,10500,2616.9
1943,2025-07-04,2025-07-10,Anjali,Delhi,Furniture,Desk,2,12000,15,24000,3324.56
1944,2025-07-31,2025-08-04,Nikhil,Chennai,Office Supplies,Marker,4,60,15,240,26.49
1945,2025-02-05,2025-02-06,Arjun,Chennai,Electronics,Keyboard,3,1500,20,4500,1122.45
1946,2025-12-05,2025-12-11,Rohan,Pune,Furniture,Desk,7,12000,0,84000,7855.93
1947,2025-06-05,2025-06-11,Arjun,Chennai,Office Supplies,Stapler,5,250,20,1250,215.31
1948,2025-12-25,2025-12-29,Nikhil,Bengaluru,Electronics,Monitor,9,12000,5,108000,23143.13
1949,2025-11-29,2025-12-03,Karan,Hyderabad,Office Supplies,Stapler,10,250,10,2500,558.62
1950,2025-09-24,2025-09-29,Pooja,Bengaluru,Electronics,Laptop,9,55000,5,495000,76026.28
1951,2025-11-22,2025-11-24,Rahul,Pune,Electronics,Mouse,9,900,10,8100,1204.43
1952,2025-08-05,2025-08-10,Sneha,Pune,Office Supplies,Stapler,5,250,10,1250,166.37
1953,2025-11-30,2025-12-01,Nikhil,Hyderabad,Furniture,Bookshelf,9,9000,0,81000,12796.72
1954,2025-10-25,2025-10-30,Anjali,Chennai,Office Supplies,Notebook,8,120,5,960,148.39
1955,2025-09-24,2025-09-30,Anjali,Mumbai,Furniture,Bookshelf,10,9000,15,90000,20514.19
1956,2025-12-31,2026-01-04,Kavya,Mumbai,Furniture,Desk,6,12000,5,72000,12956.26
1957,2025-04-20,2025-04-24,Amit,Chennai,Electronics,Laptop,7,55000,15,385000,106056.74
1958,2025-07-22,2025-07-29,Vikram,Ahmedabad,Office Supplies,Stapler,7,250,20,1750,366.47
1959,2025-08-02,2025-08-09,Neha,Delhi,Office Supplies,Marker,8,60,15,480,111.16
1960,2025-12-27,2026-01-01,Sneha,Bengaluru,Office Supplies,Pen,8,30,5,240,56.75
1961,2025-07-09,2025-07-10,Kavya,Mumbai,Furniture,Cabinet,1,15000,20,15000,3663.44
1962,2025-03-20,2025-03-21,Meera,Hyderabad,Electronics,Monitor,10,12000,20,120000,17245.19
1963,2025-03-14,2025-03-21,Kavya,Pune,Furniture,Bookshelf,5,9000,5,45000,8410.66
1964,2025-01-02,2025-01-03,Meera,Mumbai,Furniture,Bookshelf,4,9000,15,36000,4329.97
1965,2025-08-20,2025-08-23,Sahil,Ahmedabad,Electronics,Keyboard,8,1500,20,12000,2472.88
1966,2025-11-22,2025-11-26,Nikhil,Ahmedabad,Office Supplies,Stapler,3,250,20,750,185.72
1967,2025-12-07,2025-12-12,Kavya,Kolkata,Electronics,Printer,6,18000,20,108000,10762.12
1968,2025-05-23,2025-05-29,Amit,Delhi,Electronics,Keyboard,6,1500,15,9000,1791.17
1969,2025-10-15,2025-10-21,Sneha,Mumbai,Office Supplies,Notebook,10,120,10,1200,262.35
1970,2025-10-19,2025-10-24,Karan,Ahmedabad,Electronics,Mouse,9,900,0,8100,1675.96
1971,2025-04-03,2025-04-04,Vikram,Bengaluru,Office Supplies,Notebook,2,120,20,240,53.96
1972,2025-11-07,2025-11-10,Sahil,Pune,Electronics,Printer,10,18000,20,180000,31991.49
1973,2025-01-13,2025-01-20,Arjun,Kolkata,Furniture,Office Chair,6,7000,15,42000,7398.04
1974,2025-03-28,2025-03-31,Rohan,Delhi,Furniture,Office Chair,2,7000,20,14000,4137.74
1975,2025-12-14,2025-12-16,Priya,Chennai,Furniture,Office Chair,3,7000,15,21000,3097.39
1976,2025-06-13,2025-06-15,Kavya,Chennai,Electronics,Laptop,1,55000,0,55000,8006.09
1977,2025-11-02,2025-11-07,Anjali,Ahmedabad,Furniture,Cabinet,2,15000,5,30000,2742.4
1978,2025-02-01,2025-02-04,Nikhil,Kolkata,Office Supplies,Stapler,7,250,10,1750,505.5
1979,2025-01-10,2025-01-13,Sneha,Bengaluru,Electronics,Keyboard,1,1500,5,1500,254.47
1980,2025-02-12,2025-02-19,Karan,Delhi,Office Supplies,Pen,5,30,15,150,30.75
1981,2025-10-12,2025-10-16,Priya,Pune,Furniture,Desk,4,12000,15,48000,9516.38
1982,2025-05-20,2025-05-25,Vikram,Kolkata,Furniture,Bookshelf,3,9000,15,27000,2163.23
1983,2025-01-24,2025-01-26,Amit,Hyderabad,Furniture,Desk,10,12000,10,120000,31794.06
1984,2025-05-24,2025-05-28,Karan,Chennai,Electronics,Keyboard,2,1500,20,3000,788.13
1985,2025-05-20,2025-05-22,Arjun,Chennai,Office Supplies,Paper,5,450,15,2250,664.92
1986,2025-11-27,2025-11-28,Aisha,Pune,Electronics,Keyboard,10,1500,5,15000,2283.91
1987,2025-07-21,2025-07-26,Amit,Mumbai,Electronics,Printer,3,18000,15,54000,9228.38
1988,2025-07-12,2025-07-19,Meera,Kolkata,Office Supplies,Notebook,8,120,10,960,218.78
1989,2025-04-09,2025-04-13,Rahul,Bengaluru,Electronics,Printer,1,18000,10,18000,1934.06
1990,2025-04-09,2025-04-10,Pooja,Bengaluru,Office Supplies,Notebook,5,120,10,600,137.83
1991,2025-12-27,2026-01-02,Karan,Pune,Electronics,Keyboard,6,1500,15,9000,792.86
1992,2025-10-19,2025-10-24,Aisha,Delhi,Electronics,Printer,7,18000,10,126000,13155.44
1993,2025-10-17,2025-10-19,Amit,Delhi,Office Supplies,Pen,10,30,20,300,68.36
1994,2025-04-27,2025-05-02,Vikram,Bengaluru,Office Supplies,Notebook,3,120,20,360,49.36
1995,2025-08-21,2025-08-22,Kavya,Pune,Office Supplies,Notebook,9,120,20,1080,232.39
1996,2025-08-27,2025-08-31,Meera,Pune,Furniture,Cabinet,7,15000,20,105000,14730.22
1997,2025-09-30,2025-10-04,Arjun,Pune,Office Supplies,Pen,1,30,15,30,4.23
1998,2025-01-13,2025-01-19,Anjali,Kolkata,Furniture,Desk,6,12000,20,72000,7055.85
1999,2025-02-02,2025-02-08,Sneha,Pune,Electronics,Smartphone,4,25000,10,100000,11618.59
2000,2025-05-09,2025-05-11,Sneha,Ahmedabad,Furniture,Cabinet,1,15000,10,15000,3155.35
